 The number of impact parameter b is :           50
 # impact parameter b# state energy# transition probability
    0.200000 t    -0.499356985     0.019150793
    0.200000 t    -0.124884315     0.022815868
    0.200000 t    -0.124645472     0.000000000
    0.200000 t    -0.124645472     0.001784653
    0.200000 t    -0.124645472     0.000824397
    0.200000 t    -0.055372439     0.004785261
    0.200000 t    -0.054518882     0.000000000
    0.200000 t    -0.054518882     0.000966919
    0.200000 t    -0.054518882     0.000431836
    0.200000 t    -0.040816948     0.000124003
    0.200000 t    -0.040816948     0.000000000
    0.200000 t    -0.040816948     0.000277942
    0.200000 t    -0.040816948     0.000000000
    0.200000 t    -0.040816948     0.000004717
    0.200000 t    -0.030814895     0.001784455
    0.200000 t    -0.030321395     0.000000000
    0.200000 t    -0.030321395     0.000880394
    0.200000 t    -0.030321395     0.000211145
    0.200000 t    -0.023208359     0.000003170
    0.200000 t    -0.023208359     0.000034016
    0.200000 t    -0.023208359     0.000000000
    0.200000 t    -0.023208359     0.000008157
    0.200000 t    -0.023208359     0.000000000
    0.200000 t    -0.019474627     0.001566998
    0.200000 t    -0.012135670     0.003445045
    0.200000 t     0.058862418     0.014552354
    0.200000 t     0.173992544     0.001180701
    0.200000 t     0.173992544     0.000000000
    0.200000 t     0.173992544     0.000453196
    0.200000 t     0.332042933     0.022231884
    0.200000 t     1.322516918     0.017191730
    0.200000 t     1.505324841     0.000000000
    0.200000 t     1.505324841     0.000160622
    0.200000 t     1.505324841     0.000195352
    0.200000 t     2.650921583     0.000000000
    0.200000 t     2.650921583     0.000061824
    0.200000 t     2.650921583     0.000000000
    0.200000 t     2.650921583     0.000034190
    0.200000 t     2.650921583     0.000065748
    0.200000 t     3.833277702     0.000218964
    0.200000 p    -0.499356985     0.809012561
    0.200000 p    -0.124884315     0.019735786
    0.200000 p    -0.124645472     0.000000000
    0.200000 p    -0.124645472     0.016711064
    0.200000 p    -0.124645472     0.001190191
    0.200000 p    -0.055372439     0.002594708
    0.200000 p    -0.054518882     0.000000000
    0.200000 p    -0.054518882     0.003985066
    0.200000 p    -0.054518882     0.000573942
    0.200000 p    -0.040816948     0.000463582
    0.200000 p    -0.040816948     0.000000000
    0.200000 p    -0.040816948     0.000258220
    0.200000 p    -0.040816948     0.000000000
    0.200000 p    -0.040816948     0.000011528
    0.200000 p    -0.030814895     0.000468694
    0.200000 p    -0.030321395     0.000000000
    0.200000 p    -0.030321395     0.002952999
    0.200000 p    -0.030321395     0.000273808
    0.200000 p    -0.023208359     0.000008147
    0.200000 p    -0.023208359     0.000087262
    0.200000 p    -0.023208359     0.000000000
    0.200000 p    -0.023208359     0.000008980
    0.200000 p    -0.023208359     0.000000000
    0.200000 p    -0.019474627     0.000839762
    0.200000 p    -0.012135670     0.001974740
    0.200000 p     0.058862418     0.005647976
    0.200000 p     0.173992544     0.001774051
    0.200000 p     0.173992544     0.000000000
    0.200000 p     0.173992544     0.002508135
    0.200000 p     0.332042933     0.012731379
    0.200000 p     1.322516918     0.000996074
    0.200000 p     1.505324841     0.000000000
    0.200000 p     1.505324841     0.002192042
    0.200000 p     1.505324841     0.000717154
    0.200000 p     2.650921583     0.000000000
    0.200000 p     2.650921583     0.000220571
    0.200000 p     2.650921583     0.000000000
    0.200000 p     2.650921583     0.001597186
    0.200000 p     2.650921583     0.000637462
    0.200000 p     3.833277702     0.000354151
 # impact parameter b# state energy# transition probability
    0.400000 t    -0.499356985     0.038122211
    0.400000 t    -0.124884315     0.026011357
    0.400000 t    -0.124645472     0.000000000
    0.400000 t    -0.124645472     0.000876899
    0.400000 t    -0.124645472     0.003074810
    0.400000 t    -0.055372439     0.005600123
    0.400000 t    -0.054518882     0.000000000
    0.400000 t    -0.054518882     0.000488367
    0.400000 t    -0.054518882     0.001606602
    0.400000 t    -0.040816948     0.000086558
    0.400000 t    -0.040816948     0.000000000
    0.400000 t    -0.040816948     0.001039688
    0.400000 t    -0.040816948     0.000000000
    0.400000 t    -0.040816948     0.000006205
    0.400000 t    -0.030814895     0.002229907
    0.400000 t    -0.030321395     0.000000000
    0.400000 t    -0.030321395     0.000602538
    0.400000 t    -0.030321395     0.000783163
    0.400000 t    -0.023208359     0.000001519
    0.400000 t    -0.023208359     0.000015769
    0.400000 t    -0.023208359     0.000000000
    0.400000 t    -0.023208359     0.000029612
    0.400000 t    -0.023208359     0.000000000
    0.400000 t    -0.019474627     0.001683040
    0.400000 t    -0.012135670     0.003563771
    0.400000 t     0.058862418     0.014992056
    0.400000 t     0.173992544     0.004374129
    0.400000 t     0.173992544     0.000000000
    0.400000 t     0.173992544     0.000413260
    0.400000 t     0.332042933     0.020653201
    0.400000 t     1.322516918     0.014537660
    0.400000 t     1.505324841     0.000000000
    0.400000 t     1.505324841     0.000019405
    0.400000 t     1.505324841     0.000001143
    0.400000 t     2.650921583     0.000000000
    0.400000 t     2.650921583     0.000051620
    0.400000 t     2.650921583     0.000000000
    0.400000 t     2.650921583     0.000087947
    0.400000 t     2.650921583     0.000186134
    0.400000 t     3.833277702     0.000188399
    0.400000 p    -0.499356985     0.763589377
    0.400000 p    -0.124884315     0.022293146
    0.400000 p    -0.124645472     0.000000000
    0.400000 p    -0.124645472     0.016772894
    0.400000 p    -0.124645472     0.004270226
    0.400000 p    -0.055372439     0.003292592
    0.400000 p    -0.054518882     0.000000000
    0.400000 p    -0.054518882     0.004431941
    0.400000 p    -0.054518882     0.002074919
    0.400000 p    -0.040816948     0.000805949
    0.400000 p    -0.040816948     0.000000000
    0.400000 p    -0.040816948     0.000957781
    0.400000 p    -0.040816948     0.000000000
    0.400000 p    -0.040816948     0.000020764
    0.400000 p    -0.030814895     0.000718491
    0.400000 p    -0.030321395     0.000000000
    0.400000 p    -0.030321395     0.003299162
    0.400000 p    -0.030321395     0.000991637
    0.400000 p    -0.023208359     0.000007234
    0.400000 p    -0.023208359     0.000075962
    0.400000 p    -0.023208359     0.000000000
    0.400000 p    -0.023208359     0.000031895
    0.400000 p    -0.023208359     0.000000000
    0.400000 p    -0.019474627     0.001052608
    0.400000 p    -0.012135670     0.002405623
    0.400000 p     0.058862418     0.006996891
    0.400000 p     0.173992544     0.006189253
    0.400000 p     0.173992544     0.000000000
    0.400000 p     0.173992544     0.002918392
    0.400000 p     0.332042933     0.015625013
    0.400000 p     1.322516918     0.001138826
    0.400000 p     1.505324841     0.000000000
    0.400000 p     1.505324841     0.001483376
    0.400000 p     1.505324841     0.000944393
    0.400000 p     2.650921583     0.000000000
    0.400000 p     2.650921583     0.000246539
    0.400000 p     2.650921583     0.000000000
    0.400000 p     2.650921583     0.000741986
    0.400000 p     2.650921583     0.000477448
    0.400000 p     3.833277702     0.000203293
 # impact parameter b# state energy# transition probability
    0.600000 t    -0.499356985     0.070575660
    0.600000 t    -0.124884315     0.029113261
    0.600000 t    -0.124645472     0.000000000
    0.600000 t    -0.124645472     0.000828196
    0.600000 t    -0.124645472     0.006054628
    0.600000 t    -0.055372439     0.006477518
    0.600000 t    -0.054518882     0.000000000
    0.600000 t    -0.054518882     0.000121052
    0.600000 t    -0.054518882     0.003149350
    0.600000 t    -0.040816948     0.000055584
    0.600000 t    -0.040816948     0.000000000
    0.600000 t    -0.040816948     0.002052961
    0.600000 t    -0.040816948     0.000000000
    0.600000 t    -0.040816948     0.000009771
    0.600000 t    -0.030814895     0.002792207
    0.600000 t    -0.030321395     0.000000000
    0.600000 t    -0.030321395     0.000372505
    0.600000 t    -0.030321395     0.001533144
    0.600000 t    -0.023208359     0.000000253
    0.600000 t    -0.023208359     0.000002536
    0.600000 t    -0.023208359     0.000000000
    0.600000 t    -0.023208359     0.000056294
    0.600000 t    -0.023208359     0.000000000
    0.600000 t    -0.019474627     0.001765090
    0.600000 t    -0.012135670     0.003560452
    0.600000 t     0.058862418     0.014919355
    0.600000 t     0.173992544     0.008446054
    0.600000 t     0.173992544     0.000000000
    0.600000 t     0.173992544     0.000916147
    0.600000 t     0.332042933     0.018426961
    0.600000 t     1.322516918     0.010900388
    0.600000 t     1.505324841     0.000000000
    0.600000 t     1.505324841     0.000033473
    0.600000 t     1.505324841     0.000366566
    0.600000 t     2.650921583     0.000000000
    0.600000 t     2.650921583     0.000018238
    0.600000 t     2.650921583     0.000000000
    0.600000 t     2.650921583     0.000156476
    0.600000 t     2.650921583     0.000313820
    0.600000 t     3.833277702     0.000203439
    0.600000 p    -0.499356985     0.695545235
    0.600000 p    -0.124884315     0.025951488
    0.600000 p    -0.124645472     0.000000000
    0.600000 p    -0.124645472     0.015819419
    0.600000 p    -0.124645472     0.008063047
    0.600000 p    -0.055372439     0.004437552
    0.600000 p    -0.054518882     0.000000000
    0.600000 p    -0.054518882     0.004929616
    0.600000 p    -0.054518882     0.003922352
    0.600000 p    -0.040816948     0.001379101
    0.600000 p    -0.040816948     0.000000000
    0.600000 p    -0.040816948     0.001841752
    0.600000 p    -0.040816948     0.000000000
    0.600000 p    -0.040816948     0.000043006
    0.600000 p    -0.030814895     0.001183390
    0.600000 p    -0.030321395     0.000000000
    0.600000 p    -0.030321395     0.003700946
    0.600000 p    -0.030321395     0.001876940
    0.600000 p    -0.023208359     0.000005828
    0.600000 p    -0.023208359     0.000059737
    0.600000 p    -0.023208359     0.000000000
    0.600000 p    -0.023208359     0.000058378
    0.600000 p    -0.023208359     0.000000000
    0.600000 p    -0.019474627     0.001397209
    0.600000 p    -0.012135670     0.003088857
    0.600000 p     0.058862418     0.009413847
    0.600000 p     0.173992544     0.011116476
    0.600000 p     0.173992544     0.000000000
    0.600000 p     0.173992544     0.003023031
    0.600000 p     0.332042933     0.019811850
    0.600000 p     1.322516918     0.001628797
    0.600000 p     1.505324841     0.000000000
    0.600000 p     1.505324841     0.001202145
    0.600000 p     1.505324841     0.000774043
    0.600000 p     2.650921583     0.000000000
    0.600000 p     2.650921583     0.000221443
    0.600000 p     2.650921583     0.000000000
    0.600000 p     2.650921583     0.000515116
    0.600000 p     2.650921583     0.000286398
    0.600000 p     3.833277702     0.000106141
 # impact parameter b# state energy# transition probability
    0.800000 t    -0.499356985     0.110340166
    0.800000 t    -0.124884315     0.030846839
    0.800000 t    -0.124645472     0.000000000
    0.800000 t    -0.124645472     0.002098967
    0.800000 t    -0.124645472     0.008912498
    0.800000 t    -0.055372439     0.007029249
    0.800000 t    -0.054518882     0.000000000
    0.800000 t    -0.054518882     0.000098011
    0.800000 t    -0.054518882     0.004603824
    0.800000 t    -0.040816948     0.000093321
    0.800000 t    -0.040816948     0.000000000
    0.800000 t    -0.040816948     0.003053581
    0.800000 t    -0.040816948     0.000000000
    0.800000 t    -0.040816948     0.000022064
    0.800000 t    -0.030814895     0.003230925
    0.800000 t    -0.030321395     0.000000000
    0.800000 t    -0.030321395     0.000318823
    0.800000 t    -0.030321395     0.002235419
    0.800000 t    -0.023208359     0.000000085
    0.800000 t    -0.023208359     0.000001918
    0.800000 t    -0.023208359     0.000000000
    0.800000 t    -0.023208359     0.000079212
    0.800000 t    -0.023208359     0.000000000
    0.800000 t    -0.019474627     0.001740358
    0.800000 t    -0.012135670     0.003346394
    0.800000 t     0.058862418     0.013998130
    0.800000 t     0.173992544     0.011969459
    0.800000 t     0.173992544     0.000000000
    0.800000 t     0.173992544     0.001945343
    0.800000 t     0.332042933     0.015846109
    0.800000 t     1.322516918     0.007931561
    0.800000 t     1.505324841     0.000000000
    0.800000 t     1.505324841     0.000096507
    0.800000 t     1.505324841     0.000893998
    0.800000 t     2.650921583     0.000000000
    0.800000 t     2.650921583     0.000096702
    0.800000 t     2.650921583     0.000000000
    0.800000 t     2.650921583     0.000288511
    0.800000 t     2.650921583     0.000241856
    0.800000 t     3.833277702     0.000198108
    0.800000 p    -0.499356985     0.623145408
    0.800000 p    -0.124884315     0.030308437
    0.800000 p    -0.124645472     0.000000000
    0.800000 p    -0.124645472     0.013730525
    0.800000 p    -0.124645472     0.011358125
    0.800000 p    -0.055372439     0.005958749
    0.800000 p    -0.054518882     0.000000000
    0.800000 p    -0.054518882     0.005174287
    0.800000 p    -0.054518882     0.005497272
    0.800000 p    -0.040816948     0.002001603
    0.800000 p    -0.040816948     0.000000000
    0.800000 p    -0.040816948     0.002597491
    0.800000 p    -0.040816948     0.000000000
    0.800000 p    -0.040816948     0.000073360
    0.800000 p    -0.030814895     0.001853617
    0.800000 p    -0.030321395     0.000000000
    0.800000 p    -0.030321395     0.003939611
    0.800000 p    -0.030321395     0.002636744
    0.800000 p    -0.023208359     0.000004387
    0.800000 p    -0.023208359     0.000043566
    0.800000 p    -0.023208359     0.000000000
    0.800000 p    -0.023208359     0.000078233
    0.800000 p    -0.023208359     0.000000000
    0.800000 p    -0.019474627     0.001835503
    0.800000 p    -0.012135670     0.003936095
    0.800000 p     0.058862418     0.012620944
    0.800000 p     0.173992544     0.014688086
    0.800000 p     0.173992544     0.000000000
    0.800000 p     0.173992544     0.002761078
    0.800000 p     0.332042933     0.024000402
    0.800000 p     1.322516918     0.002171943
    0.800000 p     1.505324841     0.000000000
    0.800000 p     1.505324841     0.000660363
    0.800000 p     1.505324841     0.000578013
    0.800000 p     2.650921583     0.000000000
    0.800000 p     2.650921583     0.000051498
    0.800000 p     2.650921583     0.000000000
    0.800000 p     2.650921583     0.000435892
    0.800000 p     2.650921583     0.000120924
    0.800000 p     3.833277702     0.000077575
 # impact parameter b# state energy# transition probability
    1.000000 t    -0.499356985     0.153068699
    1.000000 t    -0.124884315     0.030643674
    1.000000 t    -0.124645472     0.000000000
    1.000000 t    -0.124645472     0.004199532
    1.000000 t    -0.124645472     0.010951528
    1.000000 t    -0.055372439     0.007046297
    1.000000 t    -0.054518882     0.000000000
    1.000000 t    -0.054518882     0.000392466
    1.000000 t    -0.054518882     0.005600096
    1.000000 t    -0.040816948     0.000242711
    1.000000 t    -0.040816948     0.000000000
    1.000000 t    -0.040816948     0.003850943
    1.000000 t    -0.040816948     0.000000000
    1.000000 t    -0.040816948     0.000048496
    1.000000 t    -0.030814895     0.003390102
    1.000000 t    -0.030321395     0.000000000
    1.000000 t    -0.030321395     0.000429469
    1.000000 t    -0.030321395     0.002704106
    1.000000 t    -0.023208359     0.000000658
    1.000000 t    -0.023208359     0.000009529
    1.000000 t    -0.023208359     0.000000000
    1.000000 t    -0.023208359     0.000092521
    1.000000 t    -0.023208359     0.000000000
    1.000000 t    -0.019474627     0.001590285
    1.000000 t    -0.012135670     0.002918731
    1.000000 t     0.058862418     0.012129694
    1.000000 t     0.173992544     0.013801306
    1.000000 t     0.173992544     0.000000000
    1.000000 t     0.173992544     0.003063406
    1.000000 t     0.332042933     0.013169081
    1.000000 t     1.322516918     0.005723029
    1.000000 t     1.505324841     0.000000000
    1.000000 t     1.505324841     0.000211692
    1.000000 t     1.505324841     0.001003971
    1.000000 t     2.650921583     0.000000000
    1.000000 t     2.650921583     0.000112947
    1.000000 t     2.650921583     0.000000000
    1.000000 t     2.650921583     0.000265646
    1.000000 t     2.650921583     0.000267988
    1.000000 t     3.833277702     0.000129563
    1.000000 p    -0.499356985     0.559966011
    1.000000 p    -0.124884315     0.035022056
    1.000000 p    -0.124645472     0.000000000
    1.000000 p    -0.124645472     0.010781678
    1.000000 p    -0.124645472     0.013316594
    1.000000 p    -0.055372439     0.007733671
    1.000000 p    -0.054518882     0.000000000
    1.000000 p    -0.054518882     0.004987236
    1.000000 p    -0.054518882     0.006368832
    1.000000 p    -0.040816948     0.002432209
    1.000000 p    -0.040816948     0.000000000
    1.000000 p    -0.040816948     0.002989586
    1.000000 p    -0.040816948     0.000000000
    1.000000 p    -0.040816948     0.000096218
    1.000000 p    -0.030814895     0.002686707
    1.000000 p    -0.030321395     0.000000000
    1.000000 p    -0.030321395     0.003878135
    1.000000 p    -0.030321395     0.003065020
    1.000000 p    -0.023208359     0.000003113
    1.000000 p    -0.023208359     0.000029088
    1.000000 p    -0.023208359     0.000000000
    1.000000 p    -0.023208359     0.000085780
    1.000000 p    -0.023208359     0.000000000
    1.000000 p    -0.019474627     0.002314904
    1.000000 p    -0.012135670     0.004831105
    1.000000 p     0.058862418     0.016123432
    1.000000 p     0.173992544     0.015946291
    1.000000 p     0.173992544     0.000000000
    1.000000 p     0.173992544     0.002332914
    1.000000 p     0.332042933     0.027096409
    1.000000 p     1.322516918     0.002431101
    1.000000 p     1.505324841     0.000000000
    1.000000 p     1.505324841     0.000262101
    1.000000 p     1.505324841     0.000481790
    1.000000 p     2.650921583     0.000000000
    1.000000 p     2.650921583     0.000027223
    1.000000 p     2.650921583     0.000000000
    1.000000 p     2.650921583     0.000281791
    1.000000 p     2.650921583     0.000025659
    1.000000 p     3.833277702     0.000034341
 # impact parameter b# state energy# transition probability
    1.200000 t    -0.499356985     0.202440360
    1.200000 t    -0.124884315     0.028553679
    1.200000 t    -0.124645472     0.000000000
    1.200000 t    -0.124645472     0.006399878
    1.200000 t    -0.124645472     0.012036550
    1.200000 t    -0.055372439     0.006528156
    1.200000 t    -0.054518882     0.000000000
    1.200000 t    -0.054518882     0.000891535
    1.200000 t    -0.054518882     0.006059957
    1.200000 t    -0.040816948     0.000513879
    1.200000 t    -0.040816948     0.000000000
    1.200000 t    -0.040816948     0.004385155
    1.200000 t    -0.040816948     0.000000000
    1.200000 t    -0.040816948     0.000086601
    1.200000 t    -0.030814895     0.003251429
    1.200000 t    -0.030321395     0.000000000
    1.200000 t    -0.030321395     0.000660180
    1.200000 t    -0.030321395     0.002900530
    1.200000 t    -0.023208359     0.000001464
    1.200000 t    -0.023208359     0.000019588
    1.200000 t    -0.023208359     0.000000000
    1.200000 t    -0.023208359     0.000096215
    1.200000 t    -0.023208359     0.000000000
    1.200000 t    -0.019474627     0.001340451
    1.200000 t    -0.012135670     0.002343787
    1.200000 t     0.058862418     0.009628727
    1.200000 t     0.173992544     0.013968364
    1.200000 t     0.173992544     0.000000000
    1.200000 t     0.173992544     0.003869171
    1.200000 t     0.332042933     0.010326869
    1.200000 t     1.322516918     0.004086566
    1.200000 t     1.505324841     0.000000000
    1.200000 t     1.505324841     0.000389364
    1.200000 t     1.505324841     0.000869228
    1.200000 t     2.650921583     0.000000000
    1.200000 t     2.650921583     0.000107696
    1.200000 t     2.650921583     0.000000000
    1.200000 t     2.650921583     0.000265697
    1.200000 t     2.650921583     0.000224717
    1.200000 t     3.833277702     0.000083721
    1.200000 p    -0.499356985     0.507164197
    1.200000 p    -0.124884315     0.039435671
    1.200000 p    -0.124645472     0.000000000
    1.200000 p    -0.124645472     0.007429570
    1.200000 p    -0.124645472     0.013680892
    1.200000 p    -0.055372439     0.009513252
    1.200000 p    -0.054518882     0.000000000
    1.200000 p    -0.054518882     0.004390607
    1.200000 p    -0.054518882     0.006423147
    1.200000 p    -0.040816948     0.002540142
    1.200000 p    -0.040816948     0.000000000
    1.200000 p    -0.040816948     0.002973027
    1.200000 p    -0.040816948     0.000000000
    1.200000 p    -0.040816948     0.000104613
    1.200000 p    -0.030814895     0.003589553
    1.200000 p    -0.030321395     0.000000000
    1.200000 p    -0.030321395     0.003518554
    1.200000 p    -0.030321395     0.003101711
    1.200000 p    -0.023208359     0.000002143
    1.200000 p    -0.023208359     0.000017847
    1.200000 p    -0.023208359     0.000000000
    1.200000 p    -0.023208359     0.000081760
    1.200000 p    -0.023208359     0.000000000
    1.200000 p    -0.019474627     0.002756124
    1.200000 p    -0.012135670     0.005606404
    1.200000 p     0.058862418     0.019279702
    1.200000 p     0.173992544     0.014921486
    1.200000 p     0.173992544     0.000000000
    1.200000 p     0.173992544     0.001988429
    1.200000 p     0.332042933     0.028052512
    1.200000 p     1.322516918     0.002216107
    1.200000 p     1.505324841     0.000000000
    1.200000 p     1.505324841     0.000023885
    1.200000 p     1.505324841     0.000290702
    1.200000 p     2.650921583     0.000000000
    1.200000 p     2.650921583     0.000009331
    1.200000 p     2.650921583     0.000000000
    1.200000 p     2.650921583     0.000177827
    1.200000 p     2.650921583     0.000013792
    1.200000 p     3.833277702     0.000020216
 # impact parameter b# state energy# transition probability
    1.400000 t    -0.499356985     0.260794304
    1.400000 t    -0.124884315     0.025265669
    1.400000 t    -0.124645472     0.000000000
    1.400000 t    -0.124645472     0.008177021
    1.400000 t    -0.124645472     0.012338138
    1.400000 t    -0.055372439     0.005673952
    1.400000 t    -0.054518882     0.000000000
    1.400000 t    -0.054518882     0.001461979
    1.400000 t    -0.054518882     0.006075187
    1.400000 t    -0.040816948     0.000877914
    1.400000 t    -0.040816948     0.000000000
    1.400000 t    -0.040816948     0.004673748
    1.400000 t    -0.040816948     0.000000000
    1.400000 t    -0.040816948     0.000129595
    1.400000 t    -0.030814895     0.002901688
    1.400000 t    -0.030321395     0.000000000
    1.400000 t    -0.030321395     0.000938493
    1.400000 t    -0.030321395     0.002872322
    1.400000 t    -0.023208359     0.000002205
    1.400000 t    -0.023208359     0.000028564
    1.400000 t    -0.023208359     0.000000000
    1.400000 t    -0.023208359     0.000093167
    1.400000 t    -0.023208359     0.000000000
    1.400000 t    -0.019474627     0.001051790
    1.400000 t    -0.012135670     0.001738720
    1.400000 t     0.058862418     0.006961386
    1.400000 t     0.173992544     0.012908019
    1.400000 t     0.173992544     0.000000000
    1.400000 t     0.173992544     0.004267899
    1.400000 t     0.332042933     0.007782547
    1.400000 t     1.322516918     0.002951011
    1.400000 t     1.505324841     0.000000000
    1.400000 t     1.505324841     0.000597650
    1.400000 t     1.505324841     0.000654240
    1.400000 t     2.650921583     0.000000000
    1.400000 t     2.650921583     0.000108161
    1.400000 t     2.650921583     0.000000000
    1.400000 t     2.650921583     0.000220681
    1.400000 t     2.650921583     0.000122699
    1.400000 t     3.833277702     0.000033456
    1.400000 p    -0.499356985     0.459356423
    1.400000 p    -0.124884315     0.042619501
    1.400000 p    -0.124645472     0.000000000
    1.400000 p    -0.124645472     0.004386982
    1.400000 p    -0.124645472     0.012766938
    1.400000 p    -0.055372439     0.010980967
    1.400000 p    -0.054518882     0.000000000
    1.400000 p    -0.054518882     0.003577441
    1.400000 p    -0.054518882     0.005845389
    1.400000 p    -0.040816948     0.002355188
    1.400000 p    -0.040816948     0.000000000
    1.400000 p    -0.040816948     0.002649908
    1.400000 p    -0.040816948     0.000000000
    1.400000 p    -0.040816948     0.000100278
    1.400000 p    -0.030814895     0.004413013
    1.400000 p    -0.030321395     0.000000000
    1.400000 p    -0.030321395     0.002982394
    1.400000 p    -0.030321395     0.002832302
    1.400000 p    -0.023208359     0.000001584
    1.400000 p    -0.023208359     0.000011284
    1.400000 p    -0.023208359     0.000000000
    1.400000 p    -0.023208359     0.000070301
    1.400000 p    -0.023208359     0.000000000
    1.400000 p    -0.019474627     0.003077879
    1.400000 p    -0.012135670     0.006113110
    1.400000 p     0.058862418     0.021448071
    1.400000 p     0.173992544     0.012447019
    1.400000 p     0.173992544     0.000000000
    1.400000 p     0.173992544     0.001944815
    1.400000 p     0.332042933     0.027088590
    1.400000 p     1.322516918     0.001648551
    1.400000 p     1.505324841     0.000000000
    1.400000 p     1.505324841     0.000001862
    1.400000 p     1.505324841     0.000114920
    1.400000 p     2.650921583     0.000000000
    1.400000 p     2.650921583     0.000005750
    1.400000 p     2.650921583     0.000000000
    1.400000 p     2.650921583     0.000108124
    1.400000 p     2.650921583     0.000008441
    1.400000 p     3.833277702     0.000008971
 # impact parameter b# state energy# transition probability
    1.600000 t    -0.499356985     0.327560503
    1.600000 t    -0.124884315     0.021677115
    1.600000 t    -0.124645472     0.000000000
    1.600000 t    -0.124645472     0.009363385
    1.600000 t    -0.124645472     0.012128211
    1.600000 t    -0.055372439     0.004742765
    1.600000 t    -0.054518882     0.000000000
    1.600000 t    -0.054518882     0.001993403
    1.600000 t    -0.054518882     0.005802378
    1.600000 t    -0.040816948     0.001254014
    1.600000 t    -0.040816948     0.000000000
    1.600000 t    -0.040816948     0.004775295
    1.600000 t    -0.040816948     0.000000000
    1.600000 t    -0.040816948     0.000170756
    1.600000 t    -0.030814895     0.002478354
    1.600000 t    -0.030321395     0.000000000
    1.600000 t    -0.030321395     0.001206336
    1.600000 t    -0.030321395     0.002701856
    1.600000 t    -0.023208359     0.000002837
    1.600000 t    -0.023208359     0.000036166
    1.600000 t    -0.023208359     0.000000000
    1.600000 t    -0.023208359     0.000086192
    1.600000 t    -0.023208359     0.000000000
    1.600000 t    -0.019474627     0.000784850
    1.600000 t    -0.012135670     0.001209582
    1.600000 t     0.058862418     0.004613691
    1.600000 t     0.173992544     0.011229610
    1.600000 t     0.173992544     0.000000000
    1.600000 t     0.173992544     0.004199555
    1.600000 t     0.332042933     0.005666512
    1.600000 t     1.322516918     0.002291469
    1.600000 t     1.505324841     0.000000000
    1.600000 t     1.505324841     0.000856911
    1.600000 t     1.505324841     0.000452471
    1.600000 t     2.650921583     0.000000000
    1.600000 t     2.650921583     0.000063943
    1.600000 t     2.650921583     0.000000000
    1.600000 t     2.650921583     0.000143871
    1.600000 t     2.650921583     0.000058723
    1.600000 t     3.833277702     0.000015048
    1.600000 p    -0.499356985     0.411864312
    1.600000 p    -0.124884315     0.043988351
    1.600000 p    -0.124645472     0.000000000
    1.600000 p    -0.124645472     0.002153712
    1.600000 p    -0.124645472     0.011136263
    1.600000 p    -0.055372439     0.011915740
    1.600000 p    -0.054518882     0.000000000
    1.600000 p    -0.054518882     0.002733407
    1.600000 p    -0.054518882     0.004924546
    1.600000 p    -0.040816948     0.001991779
    1.600000 p    -0.040816948     0.000000000
    1.600000 p    -0.040816948     0.002157614
    1.600000 p    -0.040816948     0.000000000
    1.600000 p    -0.040816948     0.000086422
    1.600000 p    -0.030814895     0.005025932
    1.600000 p    -0.030321395     0.000000000
    1.600000 p    -0.030321395     0.002388535
    1.600000 p    -0.030321395     0.002395931
    1.600000 p    -0.023208359     0.000001344
    1.600000 p    -0.023208359     0.000008853
    1.600000 p    -0.023208359     0.000000000
    1.600000 p    -0.023208359     0.000055536
    1.600000 p    -0.023208359     0.000000000
    1.600000 p    -0.019474627     0.003232842
    1.600000 p    -0.012135670     0.006281132
    1.600000 p     0.058862418     0.022279838
    1.600000 p     0.173992544     0.009503384
    1.600000 p     0.173992544     0.000000000
    1.600000 p     0.173992544     0.002250894
    1.600000 p     0.332042933     0.024632848
    1.600000 p     1.322516918     0.001096587
    1.600000 p     1.505324841     0.000000000
    1.600000 p     1.505324841     0.000006060
    1.600000 p     1.505324841     0.000029437
    1.600000 p     2.650921583     0.000000000
    1.600000 p     2.650921583     0.000000097
    1.600000 p     2.650921583     0.000000000
    1.600000 p     2.650921583     0.000046035
    1.600000 p     2.650921583     0.000011006
    1.600000 p     3.833277702     0.000008489
 # impact parameter b# state energy# transition probability
    1.800000 t    -0.499356985     0.399958658
    1.800000 t    -0.124884315     0.018352284
    1.800000 t    -0.124645472     0.000000000
    1.800000 t    -0.124645472     0.010000026
    1.800000 t    -0.124645472     0.011655716
    1.800000 t    -0.055372439     0.003905762
    1.800000 t    -0.054518882     0.000000000
    1.800000 t    -0.054518882     0.002427229
    1.800000 t    -0.054518882     0.005381983
    1.800000 t    -0.040816948     0.001578069
    1.800000 t    -0.040816948     0.000000000
    1.800000 t    -0.040816948     0.004748396
    1.800000 t    -0.040816948     0.000000000
    1.800000 t    -0.040816948     0.000208380
    1.800000 t    -0.030814895     0.002077319
    1.800000 t    -0.030321395     0.000000000
    1.800000 t    -0.030321395     0.001428084
    1.800000 t    -0.030321395     0.002461440
    1.800000 t    -0.023208359     0.000003313
    1.800000 t    -0.023208359     0.000042214
    1.800000 t    -0.023208359     0.000000000
    1.800000 t    -0.023208359     0.000077762
    1.800000 t    -0.023208359     0.000000000
    1.800000 t    -0.019474627     0.000571783
    1.800000 t    -0.012135670     0.000804845
    1.800000 t     0.058862418     0.002807535
    1.800000 t     0.173992544     0.009380385
    1.800000 t     0.173992544     0.000000000
    1.800000 t     0.173992544     0.003774758
    1.800000 t     0.332042933     0.004030266
    1.800000 t     1.322516918     0.001807493
    1.800000 t     1.505324841     0.000000000
    1.800000 t     1.505324841     0.001106451
    1.800000 t     1.505324841     0.000295319
    1.800000 t     2.650921583     0.000000000
    1.800000 t     2.650921583     0.000037455
    1.800000 t     2.650921583     0.000000000
    1.800000 t     2.650921583     0.000083346
    1.800000 t     2.650921583     0.000022206
    1.800000 t     3.833277702     0.000003969
    1.800000 p    -0.499356985     0.362996697
    1.800000 p    -0.124884315     0.043498154
    1.800000 p    -0.124645472     0.000000000
    1.800000 p    -0.124645472     0.000833731
    1.800000 p    -0.124645472     0.009277442
    1.800000 p    -0.055372439     0.012259767
    1.800000 p    -0.054518882     0.000000000
    1.800000 p    -0.054518882     0.001999233
    1.800000 p    -0.054518882     0.003909440
    1.800000 p    -0.040816948     0.001555422
    1.800000 p    -0.040816948     0.000000000
    1.800000 p    -0.040816948     0.001616772
    1.800000 p    -0.040816948     0.000000000
    1.800000 p    -0.040816948     0.000067744
    1.800000 p    -0.030814895     0.005370780
    1.800000 p    -0.030321395     0.000000000
    1.800000 p    -0.030321395     0.001833727
    1.800000 p    -0.030321395     0.001911216
    1.800000 p    -0.023208359     0.000001300
    1.800000 p    -0.023208359     0.000009662
    1.800000 p    -0.023208359     0.000000000
    1.800000 p    -0.023208359     0.000040765
    1.800000 p    -0.023208359     0.000000000
    1.800000 p    -0.019474627     0.003220411
    1.800000 p    -0.012135670     0.006130183
    1.800000 p     0.058862418     0.021811809
    1.800000 p     0.173992544     0.006739459
    1.800000 p     0.173992544     0.000000000
    1.800000 p     0.173992544     0.002838989
    1.800000 p     0.332042933     0.021497346
    1.800000 p     1.322516918     0.000637351
    1.800000 p     1.505324841     0.000000000
    1.800000 p     1.505324841     0.000001564
    1.800000 p     1.505324841     0.000003068
    1.800000 p     2.650921583     0.000000000
    1.800000 p     2.650921583     0.000000518
    1.800000 p     2.650921583     0.000000000
    1.800000 p     2.650921583     0.000021124
    1.800000 p     2.650921583     0.000013485
    1.800000 p     3.833277702     0.000005211
 # impact parameter b# state energy# transition probability
    2.000000 t    -0.499356985     0.474008959
    2.000000 t    -0.124884315     0.015549989
    2.000000 t    -0.124645472     0.000000000
    2.000000 t    -0.124645472     0.010217420
    2.000000 t    -0.124645472     0.011079857
    2.000000 t    -0.055372439     0.003239549
    2.000000 t    -0.054518882     0.000000000
    2.000000 t    -0.054518882     0.002738039
    2.000000 t    -0.054518882     0.004910217
    2.000000 t    -0.040816948     0.001810327
    2.000000 t    -0.040816948     0.000000000
    2.000000 t    -0.040816948     0.004639391
    2.000000 t    -0.040816948     0.000000000
    2.000000 t    -0.040816948     0.000244210
    2.000000 t    -0.030814895     0.001749678
    2.000000 t    -0.030321395     0.000000000
    2.000000 t    -0.030321395     0.001588333
    2.000000 t    -0.030321395     0.002200253
    2.000000 t    -0.023208359     0.000003651
    2.000000 t    -0.023208359     0.000047014
    2.000000 t    -0.023208359     0.000000000
    2.000000 t    -0.023208359     0.000069385
    2.000000 t    -0.023208359     0.000000000
    2.000000 t    -0.019474627     0.000420532
    2.000000 t    -0.012135670     0.000528817
    2.000000 t     0.058862418     0.001572382
    2.000000 t     0.173992544     0.007627204
    2.000000 t     0.173992544     0.000000000
    2.000000 t     0.173992544     0.003123507
    2.000000 t     0.332042933     0.002814366
    2.000000 t     1.322516918     0.001396233
    2.000000 t     1.505324841     0.000000000
    2.000000 t     1.505324841     0.001305025
    2.000000 t     1.505324841     0.000185450
    2.000000 t     2.650921583     0.000000000
    2.000000 t     2.650921583     0.000023587
    2.000000 t     2.650921583     0.000000000
    2.000000 t     2.650921583     0.000047992
    2.000000 t     2.650921583     0.000008745
    2.000000 t     3.833277702     0.000001047
    2.000000 p    -0.499356985     0.313397668
    2.000000 p    -0.124884315     0.041438605
    2.000000 p    -0.124645472     0.000000000
    2.000000 p    -0.124645472     0.000304718
    2.000000 p    -0.124645472     0.007519373
    2.000000 p    -0.055372439     0.012070349
    2.000000 p    -0.054518882     0.000000000
    2.000000 p    -0.054518882     0.001447697
    2.000000 p    -0.054518882     0.002967151
    2.000000 p    -0.040816948     0.001136646
    2.000000 p    -0.040816948     0.000000000
    2.000000 p    -0.040816948     0.001114585
    2.000000 p    -0.040816948     0.000000000
    2.000000 p    -0.040816948     0.000049232
    2.000000 p    -0.030814895     0.005453990
    2.000000 p    -0.030321395     0.000000000
    2.000000 p    -0.030321395     0.001377697
    2.000000 p    -0.030321395     0.001458146
    2.000000 p    -0.023208359     0.000001350
    2.000000 p    -0.023208359     0.000012702
    2.000000 p    -0.023208359     0.000000000
    2.000000 p    -0.023208359     0.000028008
    2.000000 p    -0.023208359     0.000000000
    2.000000 p    -0.019474627     0.003070435
    2.000000 p    -0.012135670     0.005732093
    2.000000 p     0.058862418     0.020347310
    2.000000 p     0.173992544     0.004492560
    2.000000 p     0.173992544     0.000000000
    2.000000 p     0.173992544     0.003563038
    2.000000 p     0.332042933     0.018201672
    2.000000 p     1.322516918     0.000333813
    2.000000 p     1.505324841     0.000000000
    2.000000 p     1.505324841     0.000001412
    2.000000 p     1.505324841     0.000001269
    2.000000 p     2.650921583     0.000000000
    2.000000 p     2.650921583     0.000001400
    2.000000 p     2.650921583     0.000000000
    2.000000 p     2.650921583     0.000012712
    2.000000 p     2.650921583     0.000013541
    2.000000 p     3.833277702     0.000002519
 # impact parameter b# state energy# transition probability
    2.200000 t    -0.499356985     0.545983860
    2.200000 t    -0.124884315     0.013317250
    2.200000 t    -0.124645472     0.000000000
    2.200000 t    -0.124645472     0.010155363
    2.200000 t    -0.124645472     0.010464000
    2.200000 t    -0.055372439     0.002753517
    2.200000 t    -0.054518882     0.000000000
    2.200000 t    -0.054518882     0.002930073
    2.200000 t    -0.054518882     0.004437171
    2.200000 t    -0.040816948     0.001943773
    2.200000 t    -0.040816948     0.000000000
    2.200000 t    -0.040816948     0.004479415
    2.200000 t    -0.040816948     0.000000000
    2.200000 t    -0.040816948     0.000280684
    2.200000 t    -0.030814895     0.001508105
    2.200000 t    -0.030321395     0.000000000
    2.200000 t    -0.030321395     0.001686132
    2.200000 t    -0.030321395     0.001944512
    2.200000 t    -0.023208359     0.000003875
    2.200000 t    -0.023208359     0.000050555
    2.200000 t    -0.023208359     0.000000000
    2.200000 t    -0.023208359     0.000061700
    2.200000 t    -0.023208359     0.000000000
    2.200000 t    -0.019474627     0.000323924
    2.200000 t    -0.012135670     0.000360079
    2.200000 t     0.058862418     0.000814007
    2.200000 t     0.173992544     0.006087972
    2.200000 t     0.173992544     0.000000000
    2.200000 t     0.173992544     0.002396074
    2.200000 t     0.332042933     0.001936456
    2.200000 t     1.322516918     0.001032620
    2.200000 t     1.505324841     0.000000000
    2.200000 t     1.505324841     0.001392790
    2.200000 t     1.505324841     0.000109878
    2.200000 t     2.650921583     0.000000000
    2.200000 t     2.650921583     0.000014628
    2.200000 t     2.650921583     0.000000000
    2.200000 t     2.650921583     0.000026497
    2.200000 t     2.650921583     0.000003346
    2.200000 t     3.833277702     0.000000122
    2.200000 p    -0.499356985     0.264919015
    2.200000 p    -0.124884315     0.038246058
    2.200000 p    -0.124645472     0.000000000
    2.200000 p    -0.124645472     0.000341340
    2.200000 p    -0.124645472     0.006029017
    2.200000 p    -0.055372439     0.011461191
    2.200000 p    -0.054518882     0.000000000
    2.200000 p    -0.054518882     0.001092589
    2.200000 p    -0.054518882     0.002184142
    2.200000 p    -0.040816948     0.000793993
    2.200000 p    -0.040816948     0.000000000
    2.200000 p    -0.040816948     0.000700884
    2.200000 p    -0.040816948     0.000000000
    2.200000 p    -0.040816948     0.000034733
    2.200000 p    -0.030814895     0.005315946
    2.200000 p    -0.030321395     0.000000000
    2.200000 p    -0.030321395     0.001043149
    2.200000 p    -0.030321395     0.001078941
    2.200000 p    -0.023208359     0.000001436
    2.200000 p    -0.023208359     0.000016980
    2.200000 p    -0.023208359     0.000000000
    2.200000 p    -0.023208359     0.000018077
    2.200000 p    -0.023208359     0.000000000
    2.200000 p    -0.019474627     0.002823830
    2.200000 p    -0.012135670     0.005173754
    2.200000 p     0.058862418     0.018243527
    2.200000 p     0.173992544     0.002856844
    2.200000 p     0.173992544     0.000000000
    2.200000 p     0.173992544     0.004280692
    2.200000 p     0.332042933     0.015078114
    2.200000 p     1.322516918     0.000173842
    2.200000 p     1.505324841     0.000000000
    2.200000 p     1.505324841     0.000010650
    2.200000 p     1.505324841     0.000003190
    2.200000 p     2.650921583     0.000000000
    2.200000 p     2.650921583     0.000003364
    2.200000 p     2.650921583     0.000000000
    2.200000 p     2.650921583     0.000009415
    2.200000 p     2.650921583     0.000009302
    2.200000 p     3.833277702     0.000001490
 # impact parameter b# state energy# transition probability
    2.400000 t    -0.499356985     0.613142548
    2.400000 t    -0.124884315     0.011568396
    2.400000 t    -0.124645472     0.000000000
    2.400000 t    -0.124645472     0.009911607
    2.400000 t    -0.124645472     0.009822758
    2.400000 t    -0.055372439     0.002415911
    2.400000 t    -0.054518882     0.000000000
    2.400000 t    -0.054518882     0.003018476
    2.400000 t    -0.054518882     0.003982238
    2.400000 t    -0.040816948     0.001993167
    2.400000 t    -0.040816948     0.000000000
    2.400000 t    -0.040816948     0.004283736
    2.400000 t    -0.040816948     0.000000000
    2.400000 t    -0.040816948     0.000318595
    2.400000 t    -0.030814895     0.001340319
    2.400000 t    -0.030321395     0.000000000
    2.400000 t    -0.030321395     0.001727524
    2.400000 t    -0.030321395     0.001704390
    2.400000 t    -0.023208359     0.000004040
    2.400000 t    -0.023208359     0.000052826
    2.400000 t    -0.023208359     0.000000000
    2.400000 t    -0.023208359     0.000054869
    2.400000 t    -0.023208359     0.000000000
    2.400000 t    -0.019474627     0.000267605
    2.400000 t    -0.012135670     0.000267853
    2.400000 t     0.058862418     0.000398045
    2.400000 t     0.173992544     0.004782404
    2.400000 t     0.173992544     0.000000000
    2.400000 t     0.173992544     0.001712282
    2.400000 t     0.332042933     0.001315199
    2.400000 t     1.322516918     0.000718125
    2.400000 t     1.505324841     0.000000000
    2.400000 t     1.505324841     0.001357547
    2.400000 t     1.505324841     0.000061402
    2.400000 t     2.650921583     0.000000000
    2.400000 t     2.650921583     0.000009314
    2.400000 t     2.650921583     0.000000000
    2.400000 t     2.650921583     0.000014084
    2.400000 t     2.650921583     0.000001119
    2.400000 t     3.833277702     0.000000005
    2.400000 p    -0.499356985     0.219450672
    2.400000 p    -0.124884315     0.034373813
    2.400000 p    -0.124645472     0.000000000
    2.400000 p    -0.124645472     0.000708337
    2.400000 p    -0.124645472     0.004855550
    2.400000 p    -0.055372439     0.010565027
    2.400000 p    -0.054518882     0.000000000
    2.400000 p    -0.054518882     0.000908079
    2.400000 p    -0.054518882     0.001585447
    2.400000 p    -0.040816948     0.000550555
    2.400000 p    -0.040816948     0.000000000
    2.400000 p    -0.040816948     0.000394111
    2.400000 p    -0.040816948     0.000000000
    2.400000 p    -0.040816948     0.000025921
    2.400000 p    -0.030814895     0.005013819
    2.400000 p    -0.030321395     0.000000000
    2.400000 p    -0.030321395     0.000824528
    2.400000 p    -0.030321395     0.000786405
    2.400000 p    -0.023208359     0.000001553
    2.400000 p    -0.023208359     0.000021661
    2.400000 p    -0.023208359     0.000000000
    2.400000 p    -0.023208359     0.000011018
    2.400000 p    -0.023208359     0.000000000
    2.400000 p    -0.019474627     0.002521675
    2.400000 p    -0.012135670     0.004536144
    2.400000 p     0.058862418     0.015833913
    2.400000 p     0.173992544     0.001776998
    2.400000 p     0.173992544     0.000000000
    2.400000 p     0.173992544     0.004883369
    2.400000 p     0.332042933     0.012291851
    2.400000 p     1.322516918     0.000100375
    2.400000 p     1.505324841     0.000000000
    2.400000 p     1.505324841     0.000022317
    2.400000 p     1.505324841     0.000002894
    2.400000 p     2.650921583     0.000000000
    2.400000 p     2.650921583     0.000003278
    2.400000 p     2.650921583     0.000000000
    2.400000 p     2.650921583     0.000008343
    2.400000 p     2.650921583     0.000004745
    2.400000 p     3.833277702     0.000000856
 # impact parameter b# state energy# transition probability
    2.600000 t    -0.499356985     0.673851275
    2.600000 t    -0.124884315     0.010172972
    2.600000 t    -0.124645472     0.000000000
    2.600000 t    -0.124645472     0.009544179
    2.600000 t    -0.124645472     0.009156000
    2.600000 t    -0.055372439     0.002180945
    2.600000 t    -0.054518882     0.000000000
    2.600000 t    -0.054518882     0.003021621
    2.600000 t    -0.054518882     0.003550742
    2.600000 t    -0.040816948     0.001980954
    2.600000 t    -0.040816948     0.000000000
    2.600000 t    -0.040816948     0.004057006
    2.600000 t    -0.040816948     0.000000000
    2.600000 t    -0.040816948     0.000356001
    2.600000 t    -0.030814895     0.001224284
    2.600000 t    -0.030321395     0.000000000
    2.600000 t    -0.030321395     0.001721288
    2.600000 t    -0.030321395     0.001482606
    2.600000 t    -0.023208359     0.000004214
    2.600000 t    -0.023208359     0.000053948
    2.600000 t    -0.023208359     0.000000000
    2.600000 t    -0.023208359     0.000048830
    2.600000 t    -0.023208359     0.000000000
    2.600000 t    -0.019474627     0.000236668
    2.600000 t    -0.012135670     0.000223062
    2.600000 t     0.058862418     0.000199572
    2.600000 t     0.173992544     0.003690199
    2.600000 t     0.173992544     0.000000000
    2.600000 t     0.173992544     0.001146171
    2.600000 t     0.332042933     0.000882332
    2.600000 t     1.322516918     0.000468019
    2.600000 t     1.505324841     0.000000000
    2.600000 t     1.505324841     0.001208069
    2.600000 t     1.505324841     0.000042089
    2.600000 t     2.650921583     0.000000000
    2.600000 t     2.650921583     0.000005474
    2.600000 t     2.650921583     0.000000000
    2.600000 t     2.650921583     0.000007070
    2.600000 t     2.650921583     0.000000269
    2.600000 t     3.833277702     0.000000007
    2.600000 p    -0.499356985     0.178395596
    2.600000 p    -0.124884315     0.030208584
    2.600000 p    -0.124645472     0.000000000
    2.600000 p    -0.124645472     0.001208012
    2.600000 p    -0.124645472     0.003975642
    2.600000 p    -0.055372439     0.009504150
    2.600000 p    -0.054518882     0.000000000
    2.600000 p    -0.054518882     0.000848899
    2.600000 p    -0.054518882     0.001158254
    2.600000 p    -0.040816948     0.000403293
    2.600000 p    -0.040816948     0.000000000
    2.600000 p    -0.040816948     0.000190910
    2.600000 p    -0.040816948     0.000000000
    2.600000 p    -0.040816948     0.000022443
    2.600000 p    -0.030814895     0.004605024
    2.600000 p    -0.030321395     0.000000000
    2.600000 p    -0.030321395     0.000699805
    2.600000 p    -0.030321395     0.000575157
    2.600000 p    -0.023208359     0.000001723
    2.600000 p    -0.023208359     0.000026114
    2.600000 p    -0.023208359     0.000000000
    2.600000 p    -0.023208359     0.000006466
    2.600000 p    -0.023208359     0.000000000
    2.600000 p    -0.019474627     0.002198033
    2.600000 p    -0.012135670     0.003882753
    2.600000 p     0.058862418     0.013379747
    2.600000 p     0.173992544     0.001132634
    2.600000 p     0.173992544     0.000000000
    2.600000 p     0.173992544     0.005312295
    2.600000 p     0.332042933     0.009911769
    2.600000 p     1.322516918     0.000066864
    2.600000 p     1.505324841     0.000000000
    2.600000 p     1.505324841     0.000026477
    2.600000 p     1.505324841     0.000003608
    2.600000 p     2.650921583     0.000000000
    2.600000 p     2.650921583     0.000001256
    2.600000 p     2.650921583     0.000000000
    2.600000 p     2.650921583     0.000007384
    2.600000 p     2.650921583     0.000002204
    2.600000 p     3.833277702     0.000000326
 # impact parameter b# state energy# transition probability
    2.800000 t    -0.499356985     0.727401791
    2.800000 t    -0.124884315     0.009010176
    2.800000 t    -0.124645472     0.000000000
    2.800000 t    -0.124645472     0.009089138
    2.800000 t    -0.124645472     0.008467078
    2.800000 t    -0.055372439     0.002005017
    2.800000 t    -0.054518882     0.000000000
    2.800000 t    -0.054518882     0.002956162
    2.800000 t    -0.054518882     0.003144147
    2.800000 t    -0.040816948     0.001925555
    2.800000 t    -0.040816948     0.000000000
    2.800000 t    -0.040816948     0.003800000
    2.800000 t    -0.040816948     0.000000000
    2.800000 t    -0.040816948     0.000388725
    2.800000 t    -0.030814895     0.001137759
    2.800000 t    -0.030321395     0.000000000
    2.800000 t    -0.030321395     0.001676409
    2.800000 t    -0.030321395     0.001279678
    2.800000 t    -0.023208359     0.000004440
    2.800000 t    -0.023208359     0.000054080
    2.800000 t    -0.023208359     0.000000000
    2.800000 t    -0.023208359     0.000043440
    2.800000 t    -0.023208359     0.000000000
    2.800000 t    -0.019474627     0.000219078
    2.800000 t    -0.012135670     0.000203327
    2.800000 t     0.058862418     0.000124013
    2.800000 t     0.173992544     0.002787627
    2.800000 t     0.173992544     0.000000000
    2.800000 t     0.173992544     0.000724380
    2.800000 t     0.332042933     0.000583772
    2.800000 t     1.322516918     0.000286062
    2.800000 t     1.505324841     0.000000000
    2.800000 t     1.505324841     0.000984103
    2.800000 t     1.505324841     0.000046109
    2.800000 t     2.650921583     0.000000000
    2.800000 t     2.650921583     0.000003267
    2.800000 t     2.650921583     0.000000000
    2.800000 t     2.650921583     0.000003708
    2.800000 t     2.650921583     0.000000050
    2.800000 t     3.833277702     0.000000028
    2.800000 p    -0.499356985     0.142563965
    2.800000 p    -0.124884315     0.026041988
    2.800000 p    -0.124645472     0.000000000
    2.800000 p    -0.124645472     0.001700104
    2.800000 p    -0.124645472     0.003330017
    2.800000 p    -0.055372439     0.008375805
    2.800000 p    -0.054518882     0.000000000
    2.800000 p    -0.054518882     0.000865687
    2.800000 p    -0.054518882     0.000870367
    2.800000 p    -0.040816948     0.000332712
    2.800000 p    -0.040816948     0.000000000
    2.800000 p    -0.040816948     0.000074226
    2.800000 p    -0.040816948     0.000000000
    2.800000 p    -0.040816948     0.000022643
    2.800000 p    -0.030814895     0.004137586
    2.800000 p    -0.030321395     0.000000000
    2.800000 p    -0.030321395     0.000640687
    2.800000 p    -0.030321395     0.000430429
    2.800000 p    -0.023208359     0.000001961
    2.800000 p    -0.023208359     0.000029881
    2.800000 p    -0.023208359     0.000000000
    2.800000 p    -0.023208359     0.000003857
    2.800000 p    -0.023208359     0.000000000
    2.800000 p    -0.019474627     0.001877600
    2.800000 p    -0.012135670     0.003257242
    2.800000 p     0.058862418     0.011058686
    2.800000 p     0.173992544     0.000790843
    2.800000 p     0.173992544     0.000000000
    2.800000 p     0.173992544     0.005544317
    2.800000 p     0.332042933     0.007933259
    2.800000 p     1.322516918     0.000048666
    2.800000 p     1.505324841     0.000000000
    2.800000 p     1.505324841     0.000021189
    2.800000 p     1.505324841     0.000007694
    2.800000 p     2.650921583     0.000000000
    2.800000 p     2.650921583     0.000000308
    2.800000 p     2.650921583     0.000000000
    2.800000 p     2.650921583     0.000005356
    2.800000 p     2.650921583     0.000001306
    2.800000 p     3.833277702     0.000000135
 # impact parameter b# state energy# transition probability
    3.000000 t    -0.499356985     0.773738851
    3.000000 t    -0.124884315     0.007990989
    3.000000 t    -0.124645472     0.000000000
    3.000000 t    -0.124645472     0.008570916
    3.000000 t    -0.124645472     0.007773795
    3.000000 t    -0.055372439     0.001854469
    3.000000 t    -0.054518882     0.000000000
    3.000000 t    -0.054518882     0.002834712
    3.000000 t    -0.054518882     0.002765579
    3.000000 t    -0.040816948     0.001837653
    3.000000 t    -0.040816948     0.000000000
    3.000000 t    -0.040816948     0.003515349
    3.000000 t    -0.040816948     0.000000000
    3.000000 t    -0.040816948     0.000412409
    3.000000 t    -0.030814895     0.001062312
    3.000000 t    -0.030321395     0.000000000
    3.000000 t    -0.030321395     0.001599509
    3.000000 t    -0.030321395     0.001096624
    3.000000 t    -0.023208359     0.000004703
    3.000000 t    -0.023208359     0.000053226
    3.000000 t    -0.023208359     0.000000000
    3.000000 t    -0.023208359     0.000038592
    3.000000 t    -0.023208359     0.000000000
    3.000000 t    -0.019474627     0.000206485
    3.000000 t    -0.012135670     0.000193734
    3.000000 t     0.058862418     0.000108276
    3.000000 t     0.173992544     0.002061466
    3.000000 t     0.173992544     0.000000000
    3.000000 t     0.173992544     0.000436514
    3.000000 t     0.332042933     0.000380094
    3.000000 t     1.322516918     0.000163805
    3.000000 t     1.505324841     0.000000000
    3.000000 t     1.505324841     0.000741644
    3.000000 t     1.505324841     0.000055908
    3.000000 t     2.650921583     0.000000000
    3.000000 t     2.650921583     0.000002321
    3.000000 t     2.650921583     0.000000000
    3.000000 t     2.650921583     0.000002293
    3.000000 t     2.650921583     0.000000085
    3.000000 t     3.833277702     0.000000037
    3.000000 p    -0.499356985     0.112203168
    3.000000 p    -0.124884315     0.022077760
    3.000000 p    -0.124645472     0.000000000
    3.000000 p    -0.124645472     0.002101500
    3.000000 p    -0.124645472     0.002853185
    3.000000 p    -0.055372439     0.007250797
    3.000000 p    -0.054518882     0.000000000
    3.000000 p    -0.054518882     0.000914657
    3.000000 p    -0.054518882     0.000685052
    3.000000 p    -0.040816948     0.000312359
    3.000000 p    -0.040816948     0.000000000
    3.000000 p    -0.040816948     0.000020952
    3.000000 p    -0.040816948     0.000000000
    3.000000 p    -0.040816948     0.000024697
    3.000000 p    -0.030814895     0.003647500
    3.000000 p    -0.030321395     0.000000000
    3.000000 p    -0.030321395     0.000619483
    3.000000 p    -0.030321395     0.000335169
    3.000000 p    -0.023208359     0.000002252
    3.000000 p    -0.023208359     0.000032608
    3.000000 p    -0.023208359     0.000000000
    3.000000 p    -0.023208359     0.000002606
    3.000000 p    -0.023208359     0.000000000
    3.000000 p    -0.019474627     0.001576396
    3.000000 p    -0.012135670     0.002686081
    3.000000 p     0.058862418     0.008972714
    3.000000 p     0.173992544     0.000637807
    3.000000 p     0.173992544     0.000000000
    3.000000 p     0.173992544     0.005579768
    3.000000 p     0.332042933     0.006308790
    3.000000 p     1.322516918     0.000037079
    3.000000 p     1.505324841     0.000000000
    3.000000 p     1.505324841     0.000012373
    3.000000 p     1.505324841     0.000011179
    3.000000 p     2.650921583     0.000000000
    3.000000 p     2.650921583     0.000000636
    3.000000 p     2.650921583     0.000000000
    3.000000 p     2.650921583     0.000002837
    3.000000 p     2.650921583     0.000001053
    3.000000 p     3.833277702     0.000000093
 # impact parameter b# state energy# transition probability
    3.200000 t    -0.499356985     0.813244591
    3.200000 t    -0.124884315     0.007060728
    3.200000 t    -0.124645472     0.000000000
    3.200000 t    -0.124645472     0.008009524
    3.200000 t    -0.124645472     0.007103346
    3.200000 t    -0.055372439     0.001708104
    3.200000 t    -0.054518882     0.000000000
    3.200000 t    -0.054518882     0.002668568
    3.200000 t    -0.054518882     0.002419478
    3.200000 t    -0.040816948     0.001724192
    3.200000 t    -0.040816948     0.000000000
    3.200000 t    -0.040816948     0.003209246
    3.200000 t    -0.040816948     0.000000000
    3.200000 t    -0.040816948     0.000424205
    3.200000 t    -0.030814895     0.000986071
    3.200000 t    -0.030321395     0.000000000
    3.200000 t    -0.030321395     0.001496845
    3.200000 t    -0.030321395     0.000934663
    3.200000 t    -0.023208359     0.000004952
    3.200000 t    -0.023208359     0.000051434
    3.200000 t    -0.023208359     0.000000000
    3.200000 t    -0.023208359     0.000034208
    3.200000 t    -0.023208359     0.000000000
    3.200000 t    -0.019474627     0.000193976
    3.200000 t    -0.012135670     0.000185625
    3.200000 t     0.058862418     0.000114225
    3.200000 t     0.173992544     0.001500965
    3.200000 t     0.173992544     0.000000000
    3.200000 t     0.173992544     0.000255021
    3.200000 t     0.332042933     0.000243513
    3.200000 t     1.322516918     0.000089490
    3.200000 t     1.505324841     0.000000000
    3.200000 t     1.505324841     0.000524734
    3.200000 t     1.505324841     0.000057309
    3.200000 t     2.650921583     0.000000000
    3.200000 t     2.650921583     0.000001615
    3.200000 t     2.650921583     0.000000000
    3.200000 t     2.650921583     0.000001572
    3.200000 t     2.650921583     0.000000068
    3.200000 t     3.833277702     0.000000019
    3.200000 p    -0.499356985     0.087141774
    3.200000 p    -0.124884315     0.018440002
    3.200000 p    -0.124645472     0.000000000
    3.200000 p    -0.124645472     0.002374872
    3.200000 p    -0.124645472     0.002490786
    3.200000 p    -0.055372439     0.006176240
    3.200000 p    -0.054518882     0.000000000
    3.200000 p    -0.054518882     0.000963113
    3.200000 p    -0.054518882     0.000569957
    3.200000 p    -0.040816948     0.000317444
    3.200000 p    -0.040816948     0.000000000
    3.200000 p    -0.040816948     0.000008446
    3.200000 p    -0.040816948     0.000000000
    3.200000 p    -0.040816948     0.000027354
    3.200000 p    -0.030814895     0.003160237
    3.200000 p    -0.030321395     0.000000000
    3.200000 p    -0.030321395     0.000613744
    3.200000 p    -0.030321395     0.000274324
    3.200000 p    -0.023208359     0.000002548
    3.200000 p    -0.023208359     0.000034055
    3.200000 p    -0.023208359     0.000000000
    3.200000 p    -0.023208359     0.000002209
    3.200000 p    -0.023208359     0.000000000
    3.200000 p    -0.019474627     0.001303432
    3.200000 p    -0.012135670     0.002182232
    3.200000 p     0.058862418     0.007166213
    3.200000 p     0.173992544     0.000593052
    3.200000 p     0.173992544     0.000000000
    3.200000 p     0.173992544     0.005433242
    3.200000 p     0.332042933     0.004976419
    3.200000 p     1.322516918     0.000030221
    3.200000 p     1.505324841     0.000000000
    3.200000 p     1.505324841     0.000005418
    3.200000 p     1.505324841     0.000010340
    3.200000 p     2.650921583     0.000000000
    3.200000 p     2.650921583     0.000000697
    3.200000 p     2.650921583     0.000000000
    3.200000 p     2.650921583     0.000001099
    3.200000 p     2.650921583     0.000000853
    3.200000 p     3.833277702     0.000000041
 # impact parameter b# state energy# transition probability
    3.400000 t    -0.499356985     0.846530143
    3.400000 t    -0.124884315     0.006191128
    3.400000 t    -0.124645472     0.000000000
    3.400000 t    -0.124645472     0.007426780
    3.400000 t    -0.124645472     0.006478767
    3.400000 t    -0.055372439     0.001555719
    3.400000 t    -0.054518882     0.000000000
    3.400000 t    -0.054518882     0.002470598
    3.400000 t    -0.054518882     0.002108303
    3.400000 t    -0.040816948     0.001591626
    3.400000 t    -0.040816948     0.000000000
    3.400000 t    -0.040816948     0.002890125
    3.400000 t    -0.040816948     0.000000000
    3.400000 t    -0.040816948     0.000423251
    3.400000 t    -0.030814895     0.000903617
    3.400000 t    -0.030321395     0.000000000
    3.400000 t    -0.030321395     0.001376097
    3.400000 t    -0.030321395     0.000793716
    3.400000 t    -0.023208359     0.000005122
    3.400000 t    -0.023208359     0.000048777
    3.400000 t    -0.023208359     0.000000000
    3.400000 t    -0.023208359     0.000030218
    3.400000 t    -0.023208359     0.000000000
    3.400000 t    -0.019474627     0.000179386
    3.400000 t    -0.012135670     0.000174951
    3.400000 t     0.058862418     0.000121746
    3.400000 t     0.173992544     0.001085709
    3.400000 t     0.173992544     0.000000000
    3.400000 t     0.173992544     0.000150057
    3.400000 t     0.332042933     0.000153244
    3.400000 t     1.322516918     0.000050423
    3.400000 t     1.505324841     0.000000000
    3.400000 t     1.505324841     0.000352612
    3.400000 t     1.505324841     0.000049975
    3.400000 t     2.650921583     0.000000000
    3.400000 t     2.650921583     0.000001012
    3.400000 t     2.650921583     0.000000000
    3.400000 t     2.650921583     0.000001068
    3.400000 t     2.650921583     0.000000018
    3.400000 t     3.833277702     0.000000006
    3.400000 p    -0.499356985     0.066900598
    3.400000 p    -0.124884315     0.015192265
    3.400000 p    -0.124645472     0.000000000
    3.400000 p    -0.124645472     0.002516360
    3.400000 p    -0.124645472     0.002205188
    3.400000 p    -0.055372439     0.005182398
    3.400000 p    -0.054518882     0.000000000
    3.400000 p    -0.054518882     0.000991627
    3.400000 p    -0.054518882     0.000500127
    3.400000 p    -0.040816948     0.000329681
    3.400000 p    -0.040816948     0.000000000
    3.400000 p    -0.040816948     0.000018189
    3.400000 p    -0.040816948     0.000000000
    3.400000 p    -0.040816948     0.000029763
    3.400000 p    -0.030814895     0.002694301
    3.400000 p    -0.030321395     0.000000000
    3.400000 p    -0.030321395     0.000608536
    3.400000 p    -0.030321395     0.000236229
    3.400000 p    -0.023208359     0.000002794
    3.400000 p    -0.023208359     0.000034168
    3.400000 p    -0.023208359     0.000000000
    3.400000 p    -0.023208359     0.000002283
    3.400000 p    -0.023208359     0.000000000
    3.400000 p    -0.019474627     0.001062910
    3.400000 p    -0.012135670     0.001749378
    3.400000 p     0.058862418     0.005645377
    3.400000 p     0.173992544     0.000605775
    3.400000 p     0.173992544     0.000000000
    3.400000 p     0.173992544     0.005133962
    3.400000 p     0.332042933     0.003883876
    3.400000 p     1.322516918     0.000025971
    3.400000 p     1.505324841     0.000000000
    3.400000 p     1.505324841     0.000001629
    3.400000 p     1.505324841     0.000006802
    3.400000 p     2.650921583     0.000000000
    3.400000 p     2.650921583     0.000000403
    3.400000 p     2.650921583     0.000000000
    3.400000 p     2.650921583     0.000000344
    3.400000 p     2.650921583     0.000000546
    3.400000 p     3.833277702     0.000000010
 # impact parameter b# state energy# transition probability
    3.600000 t    -0.499356985     0.874334476
    3.600000 t    -0.124884315     0.005374359
    3.600000 t    -0.124645472     0.000000000
    3.600000 t    -0.124645472     0.006843983
    3.600000 t    -0.124645472     0.005908897
    3.600000 t    -0.055372439     0.001395676
    3.600000 t    -0.054518882     0.000000000
    3.600000 t    -0.054518882     0.002253858
    3.600000 t    -0.054518882     0.001831295
    3.600000 t    -0.040816948     0.001447051
    3.600000 t    -0.040816948     0.000000000
    3.600000 t    -0.040816948     0.002567205
    3.600000 t    -0.040816948     0.000000000
    3.600000 t    -0.040816948     0.000410448
    3.600000 t    -0.030814895     0.000814703
    3.600000 t    -0.030321395     0.000000000
    3.600000 t    -0.030321395     0.001245407
    3.600000 t    -0.030321395     0.000672296
    3.600000 t    -0.023208359     0.000005176
    3.600000 t    -0.023208359     0.000045472
    3.600000 t    -0.023208359     0.000000000
    3.600000 t    -0.023208359     0.000026541
    3.600000 t    -0.023208359     0.000000000
    3.600000 t    -0.019474627     0.000162363
    3.600000 t    -0.012135670     0.000160674
    3.600000 t     0.058862418     0.000122817
    3.600000 t     0.173992544     0.000788254
    3.600000 t     0.173992544     0.000000000
    3.600000 t     0.173992544     0.000095524
    3.600000 t     0.332042933     0.000093875
    3.600000 t     1.322516918     0.000033316
    3.600000 t     1.505324841     0.000000000
    3.600000 t     1.505324841     0.000226350
    3.600000 t     1.505324841     0.000039376
    3.600000 t     2.650921583     0.000000000
    3.600000 t     2.650921583     0.000000592
    3.600000 t     2.650921583     0.000000000
    3.600000 t     2.650921583     0.000000683
    3.600000 t     2.650921583     0.000000014
    3.600000 t     3.833277702     0.000000002
    3.600000 p    -0.499356985     0.050836203
    3.600000 p    -0.124884315     0.012355890
    3.600000 p    -0.124645472     0.000000000
    3.600000 p    -0.124645472     0.002542630
    3.600000 p    -0.124645472     0.001969600
    3.600000 p    -0.055372439     0.004286956
    3.600000 p    -0.054518882     0.000000000
    3.600000 p    -0.054518882     0.000992401
    3.600000 p    -0.054518882     0.000456824
    3.600000 p    -0.040816948     0.000338121
    3.600000 p    -0.040816948     0.000000000
    3.600000 p    -0.040816948     0.000036901
    3.600000 p    -0.040816948     0.000000000
    3.600000 p    -0.040816948     0.000031240
    3.600000 p    -0.030814895     0.002262671
    3.600000 p    -0.030321395     0.000000000
    3.600000 p    -0.030321395     0.000595989
    3.600000 p    -0.030321395     0.000211974
    3.600000 p    -0.023208359     0.000002949
    3.600000 p    -0.023208359     0.000033082
    3.600000 p    -0.023208359     0.000000000
    3.600000 p    -0.023208359     0.000002547
    3.600000 p    -0.023208359     0.000000000
    3.600000 p    -0.019474627     0.000855672
    3.600000 p    -0.012135670     0.001385125
    3.600000 p     0.058862418     0.004392695
    3.600000 p     0.173992544     0.000642430
    3.600000 p     0.173992544     0.000000000
    3.600000 p     0.173992544     0.004721236
    3.600000 p     0.332042933     0.002992629
    3.600000 p     1.322516918     0.000022107
    3.600000 p     1.505324841     0.000000000
    3.600000 p     1.505324841     0.000000205
    3.600000 p     1.505324841     0.000003493
    3.600000 p     2.650921583     0.000000000
    3.600000 p     2.650921583     0.000000169
    3.600000 p     2.650921583     0.000000000
    3.600000 p     2.650921583     0.000000118
    3.600000 p     2.650921583     0.000000270
    3.600000 p     3.833277702     0.000000002
 # impact parameter b# state energy# transition probability
    3.800000 t    -0.499356985     0.897395337
    3.800000 t    -0.124884315     0.004612997
    3.800000 t    -0.124645472     0.000000000
    3.800000 t    -0.124645472     0.006277978
    3.800000 t    -0.124645472     0.005392449
    3.800000 t    -0.055372439     0.001231094
    3.800000 t    -0.054518882     0.000000000
    3.800000 t    -0.054518882     0.002029999
    3.800000 t    -0.054518882     0.001586113
    3.800000 t    -0.040816948     0.001297155
    3.800000 t    -0.040816948     0.000000000
    3.800000 t    -0.040816948     0.002250653
    3.800000 t    -0.040816948     0.000000000
    3.800000 t    -0.040816948     0.000388011
    3.800000 t    -0.030814895     0.000721702
    3.800000 t    -0.030321395     0.000000000
    3.800000 t    -0.030321395     0.001111769
    3.800000 t    -0.030321395     0.000568259
    3.800000 t    -0.023208359     0.000005097
    3.800000 t    -0.023208359     0.000041696
    3.800000 t    -0.023208359     0.000000000
    3.800000 t    -0.023208359     0.000023130
    3.800000 t    -0.023208359     0.000000000
    3.800000 t    -0.019474627     0.000143572
    3.800000 t    -0.012135670     0.000143401
    3.800000 t     0.058862418     0.000116119
    3.800000 t     0.173992544     0.000580066
    3.800000 t     0.173992544     0.000000000
    3.800000 t     0.173992544     0.000070896
    3.800000 t     0.332042933     0.000055147
    3.800000 t     1.322516918     0.000027018
    3.800000 t     1.505324841     0.000000000
    3.800000 t     1.505324841     0.000139555
    3.800000 t     1.505324841     0.000028846
    3.800000 t     2.650921583     0.000000000
    3.800000 t     2.650921583     0.000000336
    3.800000 t     2.650921583     0.000000000
    3.800000 t     2.650921583     0.000000414
    3.800000 t     2.650921583     0.000000023
    3.800000 t     3.833277702     0.000000001
    3.800000 p    -0.499356985     0.038274518
    3.800000 p    -0.124884315     0.009927629
    3.800000 p    -0.124645472     0.000000000
    3.800000 p    -0.124645472     0.002478563
    3.800000 p    -0.124645472     0.001765468
    3.800000 p    -0.055372439     0.003498732
    3.800000 p    -0.054518882     0.000000000
    3.800000 p    -0.054518882     0.000965228
    3.800000 p    -0.054518882     0.000426853
    3.800000 p    -0.040816948     0.000337730
    3.800000 p    -0.040816948     0.000000000
    3.800000 p    -0.040816948     0.000056302
    3.800000 p    -0.040816948     0.000000000
    3.800000 p    -0.040816948     0.000031411
    3.800000 p    -0.030814895     0.001873600
    3.800000 p    -0.030321395     0.000000000
    3.800000 p    -0.030321395     0.000573128
    3.800000 p    -0.030321395     0.000195139
    3.800000 p    -0.023208359     0.000002997
    3.800000 p    -0.023208359     0.000031036
    3.800000 p    -0.023208359     0.000000000
    3.800000 p    -0.023208359     0.000002814
    3.800000 p    -0.023208359     0.000000000
    3.800000 p    -0.019474627     0.000680571
    3.800000 p    -0.012135670     0.001084044
    3.800000 p     0.058862418     0.003379495
    3.800000 p     0.173992544     0.000679906
    3.800000 p     0.173992544     0.000000000
    3.800000 p     0.173992544     0.004239041
    3.800000 p     0.332042933     0.002275655
    3.800000 p     1.322516918     0.000017927
    3.800000 p     1.505324841     0.000000000
    3.800000 p     1.505324841     0.000000066
    3.800000 p     1.505324841     0.000001454
    3.800000 p     2.650921583     0.000000000
    3.800000 p     2.650921583     0.000000066
    3.800000 p     2.650921583     0.000000000
    3.800000 p     2.650921583     0.000000082
    3.800000 p     2.650921583     0.000000113
    3.800000 p     3.833277702     0.000000000
 # impact parameter b# state energy# transition probability
    4.000000 t    -0.499356985     0.916410949
    4.000000 t    -0.124884315     0.003915558
    4.000000 t    -0.124645472     0.000000000
    4.000000 t    -0.124645472     0.005738251
    4.000000 t    -0.124645472     0.004924094
    4.000000 t    -0.055372439     0.001067641
    4.000000 t    -0.054518882     0.000000000
    4.000000 t    -0.054518882     0.001808001
    4.000000 t    -0.054518882     0.001370269
    4.000000 t    -0.040816948     0.001148212
    4.000000 t    -0.040816948     0.000000000
    4.000000 t    -0.040816948     0.001949199
    4.000000 t    -0.040816948     0.000000000
    4.000000 t    -0.040816948     0.000358844
    4.000000 t    -0.030814895     0.000628379
    4.000000 t    -0.030321395     0.000000000
    4.000000 t    -0.030321395     0.000980748
    4.000000 t    -0.030321395     0.000479577
    4.000000 t    -0.023208359     0.000004891
    4.000000 t    -0.023208359     0.000037648
    4.000000 t    -0.023208359     0.000000000
    4.000000 t    -0.023208359     0.000019966
    4.000000 t    -0.023208359     0.000000000
    4.000000 t    -0.019474627     0.000124141
    4.000000 t    -0.012135670     0.000124520
    4.000000 t     0.058862418     0.000103584
    4.000000 t     0.173992544     0.000436447
    4.000000 t     0.173992544     0.000000000
    4.000000 t     0.173992544     0.000061927
    4.000000 t     0.332042933     0.000030593
    4.000000 t     1.322516918     0.000024389
    4.000000 t     1.505324841     0.000000000
    4.000000 t     1.505324841     0.000083205
    4.000000 t     1.505324841     0.000019659
    4.000000 t     2.650921583     0.000000000
    4.000000 t     2.650921583     0.000000192
    4.000000 t     2.650921583     0.000000000
    4.000000 t     2.650921583     0.000000241
    4.000000 t     2.650921583     0.000000024
    4.000000 t     3.833277702     0.000000000
    4.000000 p    -0.499356985     0.028573959
    4.000000 p    -0.124884315     0.007885969
    4.000000 p    -0.124645472     0.000000000
    4.000000 p    -0.124645472     0.002349959
    4.000000 p    -0.124645472     0.001580298
    4.000000 p    -0.055372439     0.002819177
    4.000000 p    -0.054518882     0.000000000
    4.000000 p    -0.054518882     0.000914362
    4.000000 p    -0.054518882     0.000401590
    4.000000 p    -0.040816948     0.000327682
    4.000000 p    -0.040816948     0.000000000
    4.000000 p    -0.040816948     0.000072112
    4.000000 p    -0.040816948     0.000000000
    4.000000 p    -0.040816948     0.000030321
    4.000000 p    -0.030814895     0.001531185
    4.000000 p    -0.030321395     0.000000000
    4.000000 p    -0.030321395     0.000540222
    4.000000 p    -0.030321395     0.000181410
    4.000000 p    -0.023208359     0.000002937
    4.000000 p    -0.023208359     0.000028309
    4.000000 p    -0.023208359     0.000000000
    4.000000 p    -0.023208359     0.000002978
    4.000000 p    -0.023208359     0.000000000
    4.000000 p    -0.019474627     0.000535200
    4.000000 p    -0.012135670     0.000839161
    4.000000 p     0.058862418     0.002573448
    4.000000 p     0.173992544     0.000703110
    4.000000 p     0.173992544     0.000000000
    4.000000 p     0.173992544     0.003726258
    4.000000 p     0.332042933     0.001708920
    4.000000 p     1.322516918     0.000013812
    4.000000 p     1.505324841     0.000000000
    4.000000 p     1.505324841     0.000000338
    4.000000 p     1.505324841     0.000000463
    4.000000 p     2.650921583     0.000000000
    4.000000 p     2.650921583     0.000000031
    4.000000 p     2.650921583     0.000000000
    4.000000 p     2.650921583     0.000000092
    4.000000 p     2.650921583     0.000000046
    4.000000 p     3.833277702     0.000000000
 # impact parameter b# state energy# transition probability
    4.200000 t    -0.499356985     0.932003808
    4.200000 t    -0.124884315     0.003288936
    4.200000 t    -0.124645472     0.000000000
    4.200000 t    -0.124645472     0.005228801
    4.200000 t    -0.124645472     0.004497894
    4.200000 t    -0.055372439     0.000911015
    4.200000 t    -0.054518882     0.000000000
    4.200000 t    -0.054518882     0.001594511
    4.200000 t    -0.054518882     0.001181298
    4.200000 t    -0.040816948     0.001005012
    4.200000 t    -0.040816948     0.000000000
    4.200000 t    -0.040816948     0.001670327
    4.200000 t    -0.040816948     0.000000000
    4.200000 t    -0.040816948     0.000325815
    4.200000 t    -0.030814895     0.000538292
    4.200000 t    -0.030321395     0.000000000
    4.200000 t    -0.030321395     0.000856194
    4.200000 t    -0.030321395     0.000404346
    4.200000 t    -0.023208359     0.000004581
    4.200000 t    -0.023208359     0.000033517
    4.200000 t    -0.023208359     0.000000000
    4.200000 t    -0.023208359     0.000017061
    4.200000 t    -0.023208359     0.000000000
    4.200000 t    -0.019474627     0.000105126
    4.200000 t    -0.012135670     0.000105437
    4.200000 t     0.058862418     0.000087907
    4.200000 t     0.173992544     0.000337309
    4.200000 t     0.173992544     0.000000000
    4.200000 t     0.173992544     0.000059632
    4.200000 t     0.332042933     0.000015895
    4.200000 t     1.322516918     0.000021935
    4.200000 t     1.505324841     0.000000000
    4.200000 t     1.505324841     0.000048397
    4.200000 t     1.505324841     0.000012411
    4.200000 t     2.650921583     0.000000000
    4.200000 t     2.650921583     0.000000112
    4.200000 t     2.650921583     0.000000000
    4.200000 t     2.650921583     0.000000136
    4.200000 t     2.650921583     0.000000020
    4.200000 t     3.833277702     0.000000000
    4.200000 p    -0.499356985     0.021170682
    4.200000 p    -0.124884315     0.006198455
    4.200000 p    -0.124645472     0.000000000
    4.200000 p    -0.124645472     0.002179482
    4.200000 p    -0.124645472     0.001407718
    4.200000 p    -0.055372439     0.002244681
    4.200000 p    -0.054518882     0.000000000
    4.200000 p    -0.054518882     0.000845963
    4.200000 p    -0.054518882     0.000376237
    4.200000 p    -0.040816948     0.000309497
    4.200000 p    -0.040816948     0.000000000
    4.200000 p    -0.040816948     0.000082761
    4.200000 p    -0.040816948     0.000000000
    4.200000 p    -0.040816948     0.000028276
    4.200000 p    -0.030814895     0.001236323
    4.200000 p    -0.030321395     0.000000000
    4.200000 p    -0.030321395     0.000499221
    4.200000 p    -0.030321395     0.000168292
    4.200000 p    -0.023208359     0.000002783
    4.200000 p    -0.023208359     0.000025181
    4.200000 p    -0.023208359     0.000000000
    4.200000 p    -0.023208359     0.000002991
    4.200000 p    -0.023208359     0.000000000
    4.200000 p    -0.019474627     0.000416518
    4.200000 p    -0.012135670     0.000643103
    4.200000 p     0.058862418     0.001942457
    4.200000 p     0.173992544     0.000704079
    4.200000 p     0.173992544     0.000000000
    4.200000 p     0.173992544     0.003215569
    4.200000 p     0.332042933     0.001270266
    4.200000 p     1.322516918     0.000010189
    4.200000 p     1.505324841     0.000000000
    4.200000 p     1.505324841     0.000000580
    4.200000 p     1.505324841     0.000000090
    4.200000 p     2.650921583     0.000000000
    4.200000 p     2.650921583     0.000000021
    4.200000 p     2.650921583     0.000000000
    4.200000 p     2.650921583     0.000000091
    4.200000 p     2.650921583     0.000000023
    4.200000 p     3.833277702     0.000000000
 # impact parameter b# state energy# transition probability
    4.400000 t    -0.499356985     0.944736601
    4.400000 t    -0.124884315     0.002737201
    4.400000 t    -0.124645472     0.000000000
    4.400000 t    -0.124645472     0.004750446
    4.400000 t    -0.124645472     0.004106527
    4.400000 t    -0.055372439     0.000765873
    4.400000 t    -0.054518882     0.000000000
    4.400000 t    -0.054518882     0.001393995
    4.400000 t    -0.054518882     0.001016371
    4.400000 t    -0.040816948     0.000871019
    4.400000 t    -0.040816948     0.000000000
    4.400000 t    -0.040816948     0.001418578
    4.400000 t    -0.040816948     0.000000000
    4.400000 t    -0.040816948     0.000291358
    4.400000 t    -0.030814895     0.000454317
    4.400000 t    -0.030321395     0.000000000
    4.400000 t    -0.030321395     0.000740630
    4.400000 t    -0.030321395     0.000340655
    4.400000 t    -0.023208359     0.000004194
    4.400000 t    -0.023208359     0.000029432
    4.400000 t    -0.023208359     0.000000000
    4.400000 t    -0.023208359     0.000014432
    4.400000 t    -0.023208359     0.000000000
    4.400000 t    -0.019474627     0.000087398
    4.400000 t    -0.012135670     0.000087331
    4.400000 t     0.058862418     0.000071545
    4.400000 t     0.173992544     0.000267415
    4.400000 t     0.173992544     0.000000000
    4.400000 t     0.173992544     0.000059099
    4.400000 t     0.332042933     0.000007903
    4.400000 t     1.322516918     0.000018622
    4.400000 t     1.505324841     0.000000000
    4.400000 t     1.505324841     0.000027757
    4.400000 t     1.505324841     0.000007229
    4.400000 t     2.650921583     0.000000000
    4.400000 t     2.650921583     0.000000065
    4.400000 t     2.650921583     0.000000000
    4.400000 t     2.650921583     0.000000073
    4.400000 t     2.650921583     0.000000014
    4.400000 t     3.833277702     0.000000000
    4.400000 p    -0.499356985     0.015574533
    4.400000 p    -0.124884315     0.004824172
    4.400000 p    -0.124645472     0.000000000
    4.400000 p    -0.124645472     0.001985086
    4.400000 p    -0.124645472     0.001245138
    4.400000 p    -0.055372439     0.001767424
    4.400000 p    -0.054518882     0.000000000
    4.400000 p    -0.054518882     0.000766519
    4.400000 p    -0.054518882     0.000348588
    4.400000 p    -0.040816948     0.000285679
    4.400000 p    -0.040816948     0.000000000
    4.400000 p    -0.040816948     0.000088297
    4.400000 p    -0.040816948     0.000000000
    4.400000 p    -0.040816948     0.000025646
    4.400000 p    -0.030814895     0.000987229
    4.400000 p    -0.030321395     0.000000000
    4.400000 p    -0.030321395     0.000452814
    4.400000 p    -0.030321395     0.000154558
    4.400000 p    -0.023208359     0.000002557
    4.400000 p    -0.023208359     0.000021897
    4.400000 p    -0.023208359     0.000000000
    4.400000 p    -0.023208359     0.000002855
    4.400000 p    -0.023208359     0.000000000
    4.400000 p    -0.019474627     0.000321071
    4.400000 p    -0.012135670     0.000488337
    4.400000 p     0.058862418     0.001455519
    4.400000 p     0.173992544     0.000680511
    4.400000 p     0.173992544     0.000000000
    4.400000 p     0.173992544     0.002730915
    4.400000 p     0.332042933     0.000937211
    4.400000 p     1.322516918     0.000007220
    4.400000 p     1.505324841     0.000000000
    4.400000 p     1.505324841     0.000000668
    4.400000 p     1.505324841     0.000000007
    4.400000 p     2.650921583     0.000000000
    4.400000 p     2.650921583     0.000000019
    4.400000 p     2.650921583     0.000000000
    4.400000 p     2.650921583     0.000000075
    4.400000 p     2.650921583     0.000000015
    4.400000 p     3.833277702     0.000000000
 # impact parameter b# state energy# transition probability
    4.600000 t    -0.499356985     0.955102919
    4.600000 t    -0.124884315     0.002260184
    4.600000 t    -0.124645472     0.000000000
    4.600000 t    -0.124645472     0.004301952
    4.600000 t    -0.124645472     0.003744169
    4.600000 t    -0.055372439     0.000635294
    4.600000 t    -0.054518882     0.000000000
    4.600000 t    -0.054518882     0.001209203
    4.600000 t    -0.054518882     0.000872918
    4.600000 t    -0.040816948     0.000748434
    4.600000 t    -0.040816948     0.000000000
    4.600000 t    -0.040816948     0.001196313
    4.600000 t    -0.040816948     0.000000000
    4.600000 t    -0.040816948     0.000257271
    4.600000 t    -0.030814895     0.000378412
    4.600000 t    -0.030321395     0.000000000
    4.600000 t    -0.030321395     0.000635529
    4.600000 t    -0.030321395     0.000286874
    4.600000 t    -0.023208359     0.000003765
    4.600000 t    -0.023208359     0.000025537
    4.600000 t    -0.023208359     0.000000000
    4.600000 t    -0.023208359     0.000012090
    4.600000 t    -0.023208359     0.000000000
    4.600000 t    -0.019474627     0.000071490
    4.600000 t    -0.012135670     0.000070952
    4.600000 t     0.058862418     0.000056195
    4.600000 t     0.173992544     0.000216376
    4.600000 t     0.173992544     0.000000000
    4.600000 t     0.173992544     0.000058104
    4.600000 t     0.332042933     0.000004247
    4.600000 t     1.322516918     0.000014711
    4.600000 t     1.505324841     0.000000000
    4.600000 t     1.505324841     0.000015880
    4.600000 t     1.505324841     0.000003887
    4.600000 t     2.650921583     0.000000000
    4.600000 t     2.650921583     0.000000036
    4.600000 t     2.650921583     0.000000000
    4.600000 t     2.650921583     0.000000038
    4.600000 t     2.650921583     0.000000009
    4.600000 t     3.833277702     0.000000000
    4.600000 p    -0.499356985     0.011384102
    4.600000 p    -0.124884315     0.003720017
    4.600000 p    -0.124645472     0.000000000
    4.600000 p    -0.124645472     0.001780378
    4.600000 p    -0.124645472     0.001092280
    4.600000 p    -0.055372439     0.001377264
    4.600000 p    -0.054518882     0.000000000
    4.600000 p    -0.054518882     0.000681909
    4.600000 p    -0.054518882     0.000318197
    4.600000 p    -0.040816948     0.000258797
    4.600000 p    -0.040816948     0.000000000
    4.600000 p    -0.040816948     0.000089578
    4.600000 p    -0.040816948     0.000000000
    4.600000 p    -0.040816948     0.000022769
    4.600000 p    -0.030814895     0.000780399
    4.600000 p    -0.030321395     0.000000000
    4.600000 p    -0.030321395     0.000403758
    4.600000 p    -0.030321395     0.000139868
    4.600000 p    -0.023208359     0.000002281
    4.600000 p    -0.023208359     0.000018658
    4.600000 p    -0.023208359     0.000000000
    4.600000 p    -0.023208359     0.000002598
    4.600000 p    -0.023208359     0.000000000
    4.600000 p    -0.019474627     0.000245362
    4.600000 p    -0.012135670     0.000367755
    4.600000 p     0.058862418     0.001084580
    4.600000 p     0.173992544     0.000634571
    4.600000 p     0.173992544     0.000000000
    4.600000 p     0.173992544     0.002288150
    4.600000 p     0.332042933     0.000688732
    4.600000 p     1.322516918     0.000004926
    4.600000 p     1.505324841     0.000000000
    4.600000 p     1.505324841     0.000000651
    4.600000 p     1.505324841     0.000000017
    4.600000 p     2.650921583     0.000000000
    4.600000 p     2.650921583     0.000000017
    4.600000 p     2.650921583     0.000000000
    4.600000 p     2.650921583     0.000000052
    4.600000 p     2.650921583     0.000000011
    4.600000 p     3.833277702     0.000000000
 # impact parameter b# state energy# transition probability
    4.800000 t    -0.499356985     0.963510851
    4.800000 t    -0.124884315     0.001854369
    4.800000 t    -0.124645472     0.000000000
    4.800000 t    -0.124645472     0.003882116
    4.800000 t    -0.124645472     0.003407084
    4.800000 t    -0.055372439     0.000520921
    4.800000 t    -0.054518882     0.000000000
    4.800000 t    -0.054518882     0.001041855
    4.800000 t    -0.054518882     0.000748584
    4.800000 t    -0.040816948     0.000638433
    4.800000 t    -0.040816948     0.000000000
    4.800000 t    -0.040816948     0.001003598
    4.800000 t    -0.040816948     0.000000000
    4.800000 t    -0.040816948     0.000224971
    4.800000 t    -0.030814895     0.000311593
    4.800000 t    -0.030321395     0.000000000
    4.800000 t    -0.030321395     0.000541553
    4.800000 t    -0.030321395     0.000241562
    4.800000 t    -0.023208359     0.000003316
    4.800000 t    -0.023208359     0.000021893
    4.800000 t    -0.023208359     0.000000000
    4.800000 t    -0.023208359     0.000010040
    4.800000 t    -0.023208359     0.000000000
    4.800000 t    -0.019474627     0.000057692
    4.800000 t    -0.012135670     0.000056710
    4.800000 t     0.058862418     0.000042850
    4.800000 t     0.173992544     0.000177301
    4.800000 t     0.173992544     0.000000000
    4.800000 t     0.173992544     0.000055976
    4.800000 t     0.332042933     0.000003155
    4.800000 t     1.322516918     0.000010831
    4.800000 t     1.505324841     0.000000000
    4.800000 t     1.505324841     0.000009154
    4.800000 t     1.505324841     0.000001942
    4.800000 t     2.650921583     0.000000000
    4.800000 t     2.650921583     0.000000018
    4.800000 t     2.650921583     0.000000000
    4.800000 t     2.650921583     0.000000019
    4.800000 t     2.650921583     0.000000005
    4.800000 t     3.833277702     0.000000000
    4.800000 p    -0.499356985     0.008271596
    4.800000 p    -0.124884315     0.002844087
    4.800000 p    -0.124645472     0.000000000
    4.800000 p    -0.124645472     0.001575271
    4.800000 p    -0.124645472     0.000950284
    4.800000 p    -0.055372439     0.001063147
    4.800000 p    -0.054518882     0.000000000
    4.800000 p    -0.054518882     0.000596946
    4.800000 p    -0.054518882     0.000285801
    4.800000 p    -0.040816948     0.000230977
    4.800000 p    -0.040816948     0.000000000
    4.800000 p    -0.040816948     0.000087718
    4.800000 p    -0.040816948     0.000000000
    4.800000 p    -0.040816948     0.000019903
    4.800000 p    -0.030814895     0.000611385
    4.800000 p    -0.030321395     0.000000000
    4.800000 p    -0.030321395     0.000354497
    4.800000 p    -0.030321395     0.000124496
    4.800000 p    -0.023208359     0.000001982
    4.800000 p    -0.023208359     0.000015613
    4.800000 p    -0.023208359     0.000000000
    4.800000 p    -0.023208359     0.000002264
    4.800000 p    -0.023208359     0.000000000
    4.800000 p    -0.019474627     0.000186081
    4.800000 p    -0.012135670     0.000274949
    4.800000 p     0.058862418     0.000804963
    4.800000 p     0.173992544     0.000571807
    4.800000 p     0.173992544     0.000000000
    4.800000 p     0.173992544     0.001896362
    4.800000 p     0.332042933     0.000506372
    4.800000 p     1.322516918     0.000003222
    4.800000 p     1.505324841     0.000000000
    4.800000 p     1.505324841     0.000000579
    4.800000 p     1.505324841     0.000000036
    4.800000 p     2.650921583     0.000000000
    4.800000 p     2.650921583     0.000000012
    4.800000 p     2.650921583     0.000000000
    4.800000 p     2.650921583     0.000000031
    4.800000 p     2.650921583     0.000000007
    4.800000 p     3.833277702     0.000000000
 # impact parameter b# state energy# transition probability
    5.000000 t    -0.499356985     0.970320764
    5.000000 t    -0.124884315     0.001514103
    5.000000 t    -0.124645472     0.000000000
    5.000000 t    -0.124645472     0.003489537
    5.000000 t    -0.124645472     0.003091793
    5.000000 t    -0.055372439     0.000422986
    5.000000 t    -0.054518882     0.000000000
    5.000000 t    -0.054518882     0.000892351
    5.000000 t    -0.054518882     0.000641057
    5.000000 t    -0.040816948     0.000541364
    5.000000 t    -0.040816948     0.000000000
    5.000000 t    -0.040816948     0.000838900
    5.000000 t    -0.040816948     0.000000000
    5.000000 t    -0.040816948     0.000195291
    5.000000 t    -0.030814895     0.000254135
    5.000000 t    -0.030321395     0.000000000
    5.000000 t    -0.030321395     0.000458802
    5.000000 t    -0.030321395     0.000203437
    5.000000 t    -0.023208359     0.000002875
    5.000000 t    -0.023208359     0.000018586
    5.000000 t    -0.023208359     0.000000000
    5.000000 t    -0.023208359     0.000008274
    5.000000 t    -0.023208359     0.000000000
    5.000000 t    -0.019474627     0.000046034
    5.000000 t    -0.012135670     0.000044720
    5.000000 t     0.058862418     0.000031894
    5.000000 t     0.173992544     0.000145983
    5.000000 t     0.173992544     0.000000000
    5.000000 t     0.173992544     0.000052811
    5.000000 t     0.332042933     0.000003374
    5.000000 t     1.322516918     0.000007486
    5.000000 t     1.505324841     0.000000000
    5.000000 t     1.505324841     0.000005343
    5.000000 t     1.505324841     0.000000910
    5.000000 t     2.650921583     0.000000000
    5.000000 t     2.650921583     0.000000009
    5.000000 t     2.650921583     0.000000000
    5.000000 t     2.650921583     0.000000010
    5.000000 t     2.650921583     0.000000002
    5.000000 t     3.833277702     0.000000000
    5.000000 p    -0.499356985     0.005977269
    5.000000 p    -0.124884315     0.002157084
    5.000000 p    -0.124645472     0.000000000
    5.000000 p    -0.124645472     0.001376871
    5.000000 p    -0.124645472     0.000819947
    5.000000 p    -0.055372439     0.000813613
    5.000000 p    -0.054518882     0.000000000
    5.000000 p    -0.054518882     0.000515256
    5.000000 p    -0.054518882     0.000252504
    5.000000 p    -0.040816948     0.000203775
    5.000000 p    -0.040816948     0.000000000
    5.000000 p    -0.040816948     0.000083771
    5.000000 p    -0.040816948     0.000000000
    5.000000 p    -0.040816948     0.000017216
    5.000000 p    -0.030814895     0.000475172
    5.000000 p    -0.030321395     0.000000000
    5.000000 p    -0.030321395     0.000306995
    5.000000 p    -0.030321395     0.000108927
    5.000000 p    -0.023208359     0.000001678
    5.000000 p    -0.023208359     0.000012856
    5.000000 p    -0.023208359     0.000000000
    5.000000 p    -0.023208359     0.000001898
    5.000000 p    -0.023208359     0.000000000
    5.000000 p    -0.019474627     0.000140171
    5.000000 p    -0.012135670     0.000204242
    5.000000 p     0.058862418     0.000595940
    5.000000 p     0.173992544     0.000498911
    5.000000 p     0.173992544     0.000000000
    5.000000 p     0.173992544     0.001558271
    5.000000 p     0.332042933     0.000373843
    5.000000 p     1.322516918     0.000002010
    5.000000 p     1.505324841     0.000000000
    5.000000 p     1.505324841     0.000000496
    5.000000 p     1.505324841     0.000000044
    5.000000 p     2.650921583     0.000000000
    5.000000 p     2.650921583     0.000000008
    5.000000 p     2.650921583     0.000000000
    5.000000 p     2.650921583     0.000000017
    5.000000 p     2.650921583     0.000000005
    5.000000 p     3.833277702     0.000000000
 # impact parameter b# state energy# transition probability
    5.200000 t    -0.499356985     0.975829780
    5.200000 t    -0.124884315     0.001231865
    5.200000 t    -0.124645472     0.000000000
    5.200000 t    -0.124645472     0.003123572
    5.200000 t    -0.124645472     0.002796307
    5.200000 t    -0.055372439     0.000340667
    5.200000 t    -0.054518882     0.000000000
    5.200000 t    -0.054518882     0.000760328
    5.200000 t    -0.054518882     0.000548165
    5.200000 t    -0.040816948     0.000456816
    5.200000 t    -0.040816948     0.000000000
    5.200000 t    -0.040816948     0.000699810
    5.200000 t    -0.040816948     0.000000000
    5.200000 t    -0.040816948     0.000168666
    5.200000 t    -0.030814895     0.000205619
    5.200000 t    -0.030321395     0.000000000
    5.200000 t    -0.030321395     0.000386738
    5.200000 t    -0.030321395     0.000171347
    5.200000 t    -0.023208359     0.000002458
    5.200000 t    -0.023208359     0.000015640
    5.200000 t    -0.023208359     0.000000000
    5.200000 t    -0.023208359     0.000006773
    5.200000 t    -0.023208359     0.000000000
    5.200000 t    -0.019474627     0.000036390
    5.200000 t    -0.012135670     0.000034866
    5.200000 t     0.058862418     0.000023280
    5.200000 t     0.173992544     0.000119908
    5.200000 t     0.173992544     0.000000000
    5.200000 t     0.173992544     0.000048906
    5.200000 t     0.332042933     0.000004075
    5.200000 t     1.322516918     0.000004910
    5.200000 t     1.505324841     0.000000000
    5.200000 t     1.505324841     0.000003162
    5.200000 t     1.505324841     0.000000410
    5.200000 t     2.650921583     0.000000000
    5.200000 t     2.650921583     0.000000004
    5.200000 t     2.650921583     0.000000000
    5.200000 t     2.650921583     0.000000005
    5.200000 t     2.650921583     0.000000001
    5.200000 t     3.833277702     0.000000000
    5.200000 p    -0.499356985     0.004298812
    5.200000 p    -0.124884315     0.001624130
    5.200000 p    -0.124645472     0.000000000
    5.200000 p    -0.124645472     0.001189942
    5.200000 p    -0.124645472     0.000701962
    5.200000 p    -0.055372439     0.000617854
    5.200000 p    -0.054518882     0.000000000
    5.200000 p    -0.054518882     0.000439257
    5.200000 p    -0.054518882     0.000219627
    5.200000 p    -0.040816948     0.000178147
    5.200000 p    -0.040816948     0.000000000
    5.200000 p    -0.040816948     0.000078582
    5.200000 p    -0.040816948     0.000000000
    5.200000 p    -0.040816948     0.000014817
    5.200000 p    -0.030814895     0.000366737
    5.200000 p    -0.030321395     0.000000000
    5.200000 p    -0.030321395     0.000262613
    5.200000 p    -0.030321395     0.000093762
    5.200000 p    -0.023208359     0.000001389
    5.200000 p    -0.023208359     0.000010436
    5.200000 p    -0.023208359     0.000000000
    5.200000 p    -0.023208359     0.000001537
    5.200000 p    -0.023208359     0.000000000
    5.200000 p    -0.019474627     0.000104963
    5.200000 p    -0.012135670     0.000150858
    5.200000 p     0.058862418     0.000440487
    5.200000 p     0.173992544     0.000422714
    5.200000 p     0.173992544     0.000000000
    5.200000 p     0.173992544     0.001272187
    5.200000 p     0.332042933     0.000278147
    5.200000 p     1.322516918     0.000001188
    5.200000 p     1.505324841     0.000000000
    5.200000 p     1.505324841     0.000000412
    5.200000 p     1.505324841     0.000000043
    5.200000 p     2.650921583     0.000000000
    5.200000 p     2.650921583     0.000000004
    5.200000 p     2.650921583     0.000000000
    5.200000 p     2.650921583     0.000000008
    5.200000 p     2.650921583     0.000000002
    5.200000 p     3.833277702     0.000000000
 # impact parameter b# state energy# transition probability
    5.400000 t    -0.499356985     0.980285062
    5.400000 t    -0.124884315     0.000999941
    5.400000 t    -0.124645472     0.000000000
    5.400000 t    -0.124645472     0.002783963
    5.400000 t    -0.124645472     0.002519189
    5.400000 t    -0.055372439     0.000272629
    5.400000 t    -0.054518882     0.000000000
    5.400000 t    -0.054518882     0.000644913
    5.400000 t    -0.054518882     0.000467964
    5.400000 t    -0.040816948     0.000384055
    5.400000 t    -0.040816948     0.000000000
    5.400000 t    -0.040816948     0.000583352
    5.400000 t    -0.040816948     0.000000000
    5.400000 t    -0.040816948     0.000145221
    5.400000 t    -0.030814895     0.000165342
    5.400000 t    -0.030321395     0.000000000
    5.400000 t    -0.030321395     0.000324629
    5.400000 t    -0.030321395     0.000144304
    5.400000 t    -0.023208359     0.000002074
    5.400000 t    -0.023208359     0.000013054
    5.400000 t    -0.023208359     0.000000000
    5.400000 t    -0.023208359     0.000005511
    5.400000 t    -0.023208359     0.000000000
    5.400000 t    -0.019474627     0.000028579
    5.400000 t    -0.012135670     0.000026963
    5.400000 t     0.058862418     0.000016764
    5.400000 t     0.173992544     0.000097737
    5.400000 t     0.173992544     0.000000000
    5.400000 t     0.173992544     0.000044597
    5.400000 t     0.332042933     0.000004767
    5.400000 t     1.322516918     0.000003090
    5.400000 t     1.505324841     0.000000000
    5.400000 t     1.505324841     0.000001899
    5.400000 t     1.505324841     0.000000184
    5.400000 t     2.650921583     0.000000000
    5.400000 t     2.650921583     0.000000002
    5.400000 t     2.650921583     0.000000000
    5.400000 t     2.650921583     0.000000002
    5.400000 t     2.650921583     0.000000001
    5.400000 t     3.833277702     0.000000000
    5.400000 p    -0.499356985     0.003077105
    5.400000 p    -0.124884315     0.001214723
    5.400000 p    -0.124645472     0.000000000
    5.400000 p    -0.124645472     0.001017696
    5.400000 p    -0.124645472     0.000596615
    5.400000 p    -0.055372439     0.000465928
    5.400000 p    -0.054518882     0.000000000
    5.400000 p    -0.054518882     0.000370373
    5.400000 p    -0.054518882     0.000188340
    5.400000 p    -0.040816948     0.000154600
    5.400000 p    -0.040816948     0.000000000
    5.400000 p    -0.040816948     0.000072751
    5.400000 p    -0.040816948     0.000000000
    5.400000 p    -0.040816948     0.000012753
    5.400000 p    -0.030814895     0.000281306
    5.400000 p    -0.030321395     0.000000000
    5.400000 p    -0.030321395     0.000222199
    5.400000 p    -0.030321395     0.000079533
    5.400000 p    -0.023208359     0.000001124
    5.400000 p    -0.023208359     0.000008367
    5.400000 p    -0.023208359     0.000000000
    5.400000 p    -0.023208359     0.000001208
    5.400000 p    -0.023208359     0.000000000
    5.400000 p    -0.019474627     0.000078180
    5.400000 p    -0.012135670     0.000110844
    5.400000 p     0.058862418     0.000325221
    5.400000 p     0.173992544     0.000348910
    5.400000 p     0.173992544     0.000000000
    5.400000 p     0.173992544     0.001033975
    5.400000 p     0.332042933     0.000209060
    5.400000 p     1.322516918     0.000000658
    5.400000 p     1.505324841     0.000000000
    5.400000 p     1.505324841     0.000000330
    5.400000 p     1.505324841     0.000000039
    5.400000 p     2.650921583     0.000000000
    5.400000 p     2.650921583     0.000000002
    5.400000 p     2.650921583     0.000000000
    5.400000 p     2.650921583     0.000000004
    5.400000 p     2.650921583     0.000000001
    5.400000 p     3.833277702     0.000000000
 # impact parameter b# state energy# transition probability
    5.600000 t    -0.499356985     0.983891009
    5.600000 t    -0.124884315     0.000810645
    5.600000 t    -0.124645472     0.000000000
    5.600000 t    -0.124645472     0.002470323
    5.600000 t    -0.124645472     0.002260056
    5.600000 t    -0.055372439     0.000217061
    5.600000 t    -0.054518882     0.000000000
    5.600000 t    -0.054518882     0.000544737
    5.600000 t    -0.054518882     0.000398780
    5.600000 t    -0.040816948     0.000321941
    5.600000 t    -0.040816948     0.000000000
    5.600000 t    -0.040816948     0.000486275
    5.600000 t    -0.040816948     0.000000000
    5.600000 t    -0.040816948     0.000124863
    5.600000 t    -0.030814895     0.000132281
    5.600000 t    -0.030321395     0.000000000
    5.600000 t    -0.030321395     0.000271450
    5.600000 t    -0.030321395     0.000121499
    5.600000 t    -0.023208359     0.000001732
    5.600000 t    -0.023208359     0.000010827
    5.600000 t    -0.023208359     0.000000000
    5.600000 t    -0.023208359     0.000004463
    5.600000 t    -0.023208359     0.000000000
    5.600000 t    -0.019474627     0.000022311
    5.600000 t    -0.012135670     0.000020704
    5.600000 t     0.058862418     0.000011958
    5.600000 t     0.173992544     0.000078776
    5.600000 t     0.173992544     0.000000000
    5.600000 t     0.173992544     0.000040123
    5.600000 t     0.332042933     0.000005198
    5.600000 t     1.322516918     0.000001890
    5.600000 t     1.505324841     0.000000000
    5.600000 t     1.505324841     0.000001159
    5.600000 t     1.505324841     0.000000085
    5.600000 t     2.650921583     0.000000000
    5.600000 t     2.650921583     0.000000001
    5.600000 t     2.650921583     0.000000000
    5.600000 t     2.650921583     0.000000001
    5.600000 t     2.650921583     0.000000000
    5.600000 t     3.833277702     0.000000000
    5.600000 p    -0.499356985     0.002194120
    5.600000 p    -0.124884315     0.000903159
    5.600000 p    -0.124645472     0.000000000
    5.600000 p    -0.124645472     0.000861793
    5.600000 p    -0.124645472     0.000503449
    5.600000 p    -0.055372439     0.000349182
    5.600000 p    -0.054518882     0.000000000
    5.600000 p    -0.054518882     0.000309231
    5.600000 p    -0.054518882     0.000159451
    5.600000 p    -0.040816948     0.000133327
    5.600000 p    -0.040816948     0.000000000
    5.600000 p    -0.040816948     0.000066664
    5.600000 p    -0.040816948     0.000000000
    5.600000 p    -0.040816948     0.000011026
    5.600000 p    -0.030814895     0.000214617
    5.600000 p    -0.030321395     0.000000000
    5.600000 p    -0.030321395     0.000186167
    5.600000 p    -0.030321395     0.000066589
    5.600000 p    -0.023208359     0.000000892
    5.600000 p    -0.023208359     0.000006636
    5.600000 p    -0.023208359     0.000000000
    5.600000 p    -0.023208359     0.000000925
    5.600000 p    -0.023208359     0.000000000
    5.600000 p    -0.019474627     0.000057952
    5.600000 p    -0.012135670     0.000081049
    5.600000 p     0.058862418     0.000239852
    5.600000 p     0.173992544     0.000281488
    5.600000 p     0.173992544     0.000000000
    5.600000 p     0.173992544     0.000837180
    5.600000 p     0.332042933     0.000158926
    5.600000 p     1.322516918     0.000000343
    5.600000 p     1.505324841     0.000000000
    5.600000 p     1.505324841     0.000000253
    5.600000 p     1.505324841     0.000000034
    5.600000 p     2.650921583     0.000000000
    5.600000 p     2.650921583     0.000000001
    5.600000 p     2.650921583     0.000000000
    5.600000 p     2.650921583     0.000000002
    5.600000 p     2.650921583     0.000000001
    5.600000 p     3.833277702     0.000000000
 # impact parameter b# state energy# transition probability
    5.800000 t    -0.499356985     0.986812685
    5.800000 t    -0.124884315     0.000656914
    5.800000 t    -0.124645472     0.000000000
    5.800000 t    -0.124645472     0.002182616
    5.800000 t    -0.124645472     0.002018420
    5.800000 t    -0.055372439     0.000172206
    5.800000 t    -0.054518882     0.000000000
    5.800000 t    -0.054518882     0.000458469
    5.800000 t    -0.054518882     0.000339101
    5.800000 t    -0.040816948     0.000269323
    5.800000 t    -0.040816948     0.000000000
    5.800000 t    -0.040816948     0.000405696
    5.800000 t    -0.040816948     0.000000000
    5.800000 t    -0.040816948     0.000107339
    5.800000 t    -0.030814895     0.000105460
    5.800000 t    -0.030321395     0.000000000
    5.800000 t    -0.030321395     0.000226248
    5.800000 t    -0.030321395     0.000102220
    5.800000 t    -0.023208359     0.000001434
    5.800000 t    -0.023208359     0.000008928
    5.800000 t    -0.023208359     0.000000000
    5.800000 t    -0.023208359     0.000003599
    5.800000 t    -0.023208359     0.000000000
    5.800000 t    -0.019474627     0.000017358
    5.800000 t    -0.012135670     0.000015831
    5.800000 t     0.058862418     0.000008503
    5.800000 t     0.173992544     0.000062682
    5.800000 t     0.173992544     0.000000000
    5.800000 t     0.173992544     0.000035649
    5.800000 t     0.332042933     0.000005291
    5.800000 t     1.322516918     0.000001139
    5.800000 t     1.505324841     0.000000000
    5.800000 t     1.505324841     0.000000723
    5.800000 t     1.505324841     0.000000044
    5.800000 t     2.650921583     0.000000000
    5.800000 t     2.650921583     0.000000000
    5.800000 t     2.650921583     0.000000000
    5.800000 t     2.650921583     0.000000001
    5.800000 t     2.650921583     0.000000000
    5.800000 t     3.833277702     0.000000000
    5.800000 p    -0.499356985     0.001558040
    5.800000 p    -0.124884315     0.000668013
    5.800000 p    -0.124645472     0.000000000
    5.800000 p    -0.124645472     0.000723088
    5.800000 p    -0.124645472     0.000422000
    5.800000 p    -0.055372439     0.000260223
    5.800000 p    -0.054518882     0.000000000
    5.800000 p    -0.054518882     0.000255909
    5.800000 p    -0.054518882     0.000133523
    5.800000 p    -0.040816948     0.000114348
    5.800000 p    -0.040816948     0.000000000
    5.800000 p    -0.040816948     0.000060571
    5.800000 p    -0.040816948     0.000000000
    5.800000 p    -0.040816948     0.000009608
    5.800000 p    -0.030814895     0.000162950
    5.800000 p    -0.030321395     0.000000000
    5.800000 p    -0.030321395     0.000154604
    5.800000 p    -0.030321395     0.000055153
    5.800000 p    -0.023208359     0.000000696
    5.800000 p    -0.023208359     0.000005212
    5.800000 p    -0.023208359     0.000000000
    5.800000 p    -0.023208359     0.000000692
    5.800000 p    -0.023208359     0.000000000
    5.800000 p    -0.019474627     0.000042765
    5.800000 p    -0.012135670     0.000058980
    5.800000 p     0.058862418     0.000176648
    5.800000 p     0.173992544     0.000222759
    5.800000 p     0.173992544     0.000000000
    5.800000 p     0.173992544     0.000676064
    5.800000 p     0.332042933     0.000122165
    5.800000 p     1.322516918     0.000000168
    5.800000 p     1.505324841     0.000000000
    5.800000 p     1.505324841     0.000000183
    5.800000 p     1.505324841     0.000000028
    5.800000 p     2.650921583     0.000000000
    5.800000 p     2.650921583     0.000000000
    5.800000 p     2.650921583     0.000000000
    5.800000 p     2.650921583     0.000000001
    5.800000 p     2.650921583     0.000000000
    5.800000 p     3.833277702     0.000000000
 # impact parameter b# state energy# transition probability
    6.000000 t    -0.499356985     0.989185387
    6.000000 t    -0.124884315     0.000532413
    6.000000 t    -0.124645472     0.000000000
    6.000000 t    -0.124645472     0.001920266
    6.000000 t    -0.124645472     0.001794501
    6.000000 t    -0.055372439     0.000136247
    6.000000 t    -0.054518882     0.000000000
    6.000000 t    -0.054518882     0.000384513
    6.000000 t    -0.054518882     0.000287700
    6.000000 t    -0.040816948     0.000224947
    6.000000 t    -0.040816948     0.000000000
    6.000000 t    -0.040816948     0.000338854
    6.000000 t    -0.040816948     0.000000000
    6.000000 t    -0.040816948     0.000092325
    6.000000 t    -0.030814895     0.000083838
    6.000000 t    -0.030321395     0.000000000
    6.000000 t    -0.030321395     0.000187971
    6.000000 t    -0.030321395     0.000085914
    6.000000 t    -0.023208359     0.000001177
    6.000000 t    -0.023208359     0.000007324
    6.000000 t    -0.023208359     0.000000000
    6.000000 t    -0.023208359     0.000002893
    6.000000 t    -0.023208359     0.000000000
    6.000000 t    -0.019474627     0.000013470
    6.000000 t    -0.012135670     0.000012068
    6.000000 t     0.058862418     0.000006054
    6.000000 t     0.173992544     0.000049224
    6.000000 t     0.173992544     0.000000000
    6.000000 t     0.173992544     0.000031273
    6.000000 t     0.332042933     0.000005067
    6.000000 t     1.322516918     0.000000685
    6.000000 t     1.505324841     0.000000000
    6.000000 t     1.505324841     0.000000464
    6.000000 t     1.505324841     0.000000027
    6.000000 t     2.650921583     0.000000000
    6.000000 t     2.650921583     0.000000000
    6.000000 t     2.650921583     0.000000000
    6.000000 t     2.650921583     0.000000000
    6.000000 t     2.650921583     0.000000000
    6.000000 t     3.833277702     0.000000000
    6.000000 p    -0.499356985     0.001102649
    6.000000 p    -0.124884315     0.000491828
    6.000000 p    -0.124645472     0.000000000
    6.000000 p    -0.124645472     0.000601394
    6.000000 p    -0.124645472     0.000351352
    6.000000 p    -0.055372439     0.000192930
    6.000000 p    -0.054518882     0.000000000
    6.000000 p    -0.054518882     0.000210060
    6.000000 p    -0.054518882     0.000110743
    6.000000 p    -0.040816948     0.000097554
    6.000000 p    -0.040816948     0.000000000
    6.000000 p    -0.040816948     0.000054610
    6.000000 p    -0.040816948     0.000000000
    6.000000 p    -0.040816948     0.000008447
    6.000000 p    -0.030814895     0.000123172
    6.000000 p    -0.030321395     0.000000000
    6.000000 p    -0.030321395     0.000127347
    6.000000 p    -0.030321395     0.000045268
    6.000000 p    -0.023208359     0.000000534
    6.000000 p    -0.023208359     0.000004060
    6.000000 p    -0.023208359     0.000000000
    6.000000 p    -0.023208359     0.000000508
    6.000000 p    -0.023208359     0.000000000
    6.000000 p    -0.019474627     0.000031418
    6.000000 p    -0.012135670     0.000042711
    6.000000 p     0.058862418     0.000129826
    6.000000 p     0.173992544     0.000173485
    6.000000 p     0.173992544     0.000000000
    6.000000 p     0.173992544     0.000544473
    6.000000 p     0.332042933     0.000094793
    6.000000 p     1.322516918     0.000000080
    6.000000 p     1.505324841     0.000000000
    6.000000 p     1.505324841     0.000000125
    6.000000 p     1.505324841     0.000000022
    6.000000 p     2.650921583     0.000000000
    6.000000 p     2.650921583     0.000000000
    6.000000 p     2.650921583     0.000000000
    6.000000 p     2.650921583     0.000000001
    6.000000 p     2.650921583     0.000000000
    6.000000 p     3.833277702     0.000000000
 # impact parameter b# state energy# transition probability
    6.200000 t    -0.499356985     0.991116246
    6.200000 t    -0.124884315     0.000431811
    6.200000 t    -0.124645472     0.000000000
    6.200000 t    -0.124645472     0.001682659
    6.200000 t    -0.124645472     0.001588276
    6.200000 t    -0.055372439     0.000107602
    6.200000 t    -0.054518882     0.000000000
    6.200000 t    -0.054518882     0.000321422
    6.200000 t    -0.054518882     0.000243527
    6.200000 t    -0.040816948     0.000187684
    6.200000 t    -0.040816948     0.000000000
    6.200000 t    -0.040816948     0.000283404
    6.200000 t    -0.040816948     0.000000000
    6.200000 t    -0.040816948     0.000079483
    6.200000 t    -0.030814895     0.000066520
    6.200000 t    -0.030321395     0.000000000
    6.200000 t    -0.030321395     0.000155697
    6.200000 t    -0.030321395     0.000072118
    6.200000 t    -0.023208359     0.000000961
    6.200000 t    -0.023208359     0.000005983
    6.200000 t    -0.023208359     0.000000000
    6.200000 t    -0.023208359     0.000002319
    6.200000 t    -0.023208359     0.000000000
    6.200000 t    -0.019474627     0.000010437
    6.200000 t    -0.012135670     0.000009183
    6.200000 t     0.058862418     0.000004335
    6.200000 t     0.173992544     0.000038198
    6.200000 t     0.173992544     0.000000000
    6.200000 t     0.173992544     0.000027075
    6.200000 t     0.332042933     0.000004605
    6.200000 t     1.322516918     0.000000415
    6.200000 t     1.505324841     0.000000000
    6.200000 t     1.505324841     0.000000306
    6.200000 t     1.505324841     0.000000019
    6.200000 t     2.650921583     0.000000000
    6.200000 t     2.650921583     0.000000000
    6.200000 t     2.650921583     0.000000000
    6.200000 t     2.650921583     0.000000000
    6.200000 t     2.650921583     0.000000000
    6.200000 t     3.833277702     0.000000000
    6.200000 p    -0.499356985     0.000777634
    6.200000 p    -0.124884315     0.000360658
    6.200000 p    -0.124645472     0.000000000
    6.200000 p    -0.124645472     0.000496107
    6.200000 p    -0.124645472     0.000290656
    6.200000 p    -0.055372439     0.000142363
    6.200000 p    -0.054518882     0.000000000
    6.200000 p    -0.054518882     0.000171146
    6.200000 p    -0.054518882     0.000091110
    6.200000 p    -0.040816948     0.000082811
    6.200000 p    -0.040816948     0.000000000
    6.200000 p    -0.040816948     0.000048873
    6.200000 p    -0.040816948     0.000000000
    6.200000 p    -0.040816948     0.000007483
    6.200000 p    -0.030814895     0.000092719
    6.200000 p    -0.030321395     0.000000000
    6.200000 p    -0.030321395     0.000104113
    6.200000 p    -0.030321395     0.000036888
    6.200000 p    -0.023208359     0.000000403
    6.200000 p    -0.023208359     0.000003139
    6.200000 p    -0.023208359     0.000000000
    6.200000 p    -0.023208359     0.000000367
    6.200000 p    -0.023208359     0.000000000
    6.200000 p    -0.019474627     0.000022982
    6.200000 p    -0.012135670     0.000030774
    6.200000 p     0.058862418     0.000095158
    6.200000 p     0.173992544     0.000133423
    6.200000 p     0.173992544     0.000000000
    6.200000 p     0.173992544     0.000437298
    6.200000 p     0.332042933     0.000074050
    6.200000 p     1.322516918     0.000000038
    6.200000 p     1.505324841     0.000000000
    6.200000 p     1.505324841     0.000000082
    6.200000 p     1.505324841     0.000000016
    6.200000 p     2.650921583     0.000000000
    6.200000 p     2.650921583     0.000000000
    6.200000 p     2.650921583     0.000000000
    6.200000 p     2.650921583     0.000000000
    6.200000 p     2.650921583     0.000000000
    6.200000 p     3.833277702     0.000000000
 # impact parameter b# state energy# transition probability
    6.400000 t    -0.499356985     0.992691083
    6.400000 t    -0.124884315     0.000350464
    6.400000 t    -0.124645472     0.000000000
    6.400000 t    -0.124645472     0.001468831
    6.400000 t    -0.124645472     0.001399669
    6.400000 t    -0.055372439     0.000084873
    6.400000 t    -0.054518882     0.000000000
    6.400000 t    -0.054518882     0.000267881
    6.400000 t    -0.054518882     0.000205613
    6.400000 t    -0.040816948     0.000156452
    6.400000 t    -0.040816948     0.000000000
    6.400000 t    -0.040816948     0.000237363
    6.400000 t    -0.040816948     0.000000000
    6.400000 t    -0.040816948     0.000068484
    6.400000 t    -0.030814895     0.000052699
    6.400000 t    -0.030321395     0.000000000
    6.400000 t    -0.030321395     0.000128591
    6.400000 t    -0.030321395     0.000060439
    6.400000 t    -0.023208359     0.000000780
    6.400000 t    -0.023208359     0.000004872
    6.400000 t    -0.023208359     0.000000000
    6.400000 t    -0.023208359     0.000001855
    6.400000 t    -0.023208359     0.000000000
    6.400000 t    -0.019474627     0.000008075
    6.400000 t    -0.012135670     0.000006981
    6.400000 t     0.058862418     0.000003133
    6.400000 t     0.173992544     0.000029330
    6.400000 t     0.173992544     0.000000000
    6.400000 t     0.173992544     0.000023108
    6.400000 t     0.332042933     0.000003999
    6.400000 t     1.322516918     0.000000255
    6.400000 t     1.505324841     0.000000000
    6.400000 t     1.505324841     0.000000205
    6.400000 t     1.505324841     0.000000015
    6.400000 t     2.650921583     0.000000000
    6.400000 t     2.650921583     0.000000000
    6.400000 t     2.650921583     0.000000000
    6.400000 t     2.650921583     0.000000000
    6.400000 t     2.650921583     0.000000000
    6.400000 t     3.833277702     0.000000000
    6.400000 p    -0.499356985     0.000546966
    6.400000 p    -0.124884315     0.000263603
    6.400000 p    -0.124645472     0.000000000
    6.400000 p    -0.124645472     0.000406077
    6.400000 p    -0.124645472     0.000238910
    6.400000 p    -0.055372439     0.000104608
    6.400000 p    -0.054518882     0.000000000
    6.400000 p    -0.054518882     0.000138471
    6.400000 p    -0.054518882     0.000074434
    6.400000 p    -0.040816948     0.000069951
    6.400000 p    -0.040816948     0.000000000
    6.400000 p    -0.040816948     0.000043430
    6.400000 p    -0.040816948     0.000000000
    6.400000 p    -0.040816948     0.000006669
    6.400000 p    -0.030814895     0.000069536
    6.400000 p    -0.030321395     0.000000000
    6.400000 p    -0.030321395     0.000084523
    6.400000 p    -0.030321395     0.000029883
    6.400000 p    -0.023208359     0.000000301
    6.400000 p    -0.023208359     0.000002410
    6.400000 p    -0.023208359     0.000000000
    6.400000 p    -0.023208359     0.000000261
    6.400000 p    -0.023208359     0.000000000
    6.400000 p    -0.019474627     0.000016744
    6.400000 p    -0.012135670     0.000022067
    6.400000 p     0.058862418     0.000069538
    6.400000 p     0.173992544     0.000101680
    6.400000 p     0.173992544     0.000000000
    6.400000 p     0.173992544     0.000350153
    6.400000 p     0.332042933     0.000058110
    6.400000 p     1.322516918     0.000000018
    6.400000 p     1.505324841     0.000000000
    6.400000 p     1.505324841     0.000000050
    6.400000 p     1.505324841     0.000000011
    6.400000 p     2.650921583     0.000000000
    6.400000 p     2.650921583     0.000000000
    6.400000 p     2.650921583     0.000000000
    6.400000 p     2.650921583     0.000000000
    6.400000 p     2.650921583     0.000000000
    6.400000 p     3.833277702     0.000000000
 # impact parameter b# state energy# transition probability
    6.600000 t    -0.499356985     0.993979526
    6.600000 t    -0.124884315     0.000284709
    6.600000 t    -0.124645472     0.000000000
    6.600000 t    -0.124645472     0.001277564
    6.600000 t    -0.124645472     0.001228464
    6.600000 t    -0.055372439     0.000066884
    6.600000 t    -0.054518882     0.000000000
    6.600000 t    -0.054518882     0.000222540
    6.600000 t    -0.054518882     0.000173169
    6.600000 t    -0.040816948     0.000130316
    6.600000 t    -0.040816948     0.000000000
    6.600000 t    -0.040816948     0.000199020
    6.600000 t    -0.040816948     0.000000000
    6.600000 t    -0.040816948     0.000059043
    6.600000 t    -0.030814895     0.000041692
    6.600000 t    -0.030321395     0.000000000
    6.600000 t    -0.030321395     0.000105863
    6.600000 t    -0.030321395     0.000050563
    6.600000 t    -0.023208359     0.000000631
    6.600000 t    -0.023208359     0.000003952
    6.600000 t    -0.023208359     0.000000000
    6.600000 t    -0.023208359     0.000001483
    6.600000 t    -0.023208359     0.000000000
    6.600000 t    -0.019474627     0.000006243
    6.600000 t    -0.012135670     0.000005305
    6.600000 t     0.058862418     0.000002292
    6.600000 t     0.173992544     0.000022341
    6.600000 t     0.173992544     0.000000000
    6.600000 t     0.173992544     0.000019431
    6.600000 t     0.332042933     0.000003338
    6.600000 t     1.322516918     0.000000159
    6.600000 t     1.505324841     0.000000000
    6.600000 t     1.505324841     0.000000138
    6.600000 t     1.505324841     0.000000012
    6.600000 t     2.650921583     0.000000000
    6.600000 t     2.650921583     0.000000000
    6.600000 t     2.650921583     0.000000000
    6.600000 t     2.650921583     0.000000000
    6.600000 t     2.650921583     0.000000000
    6.600000 t     3.833277702     0.000000000
    6.600000 p    -0.499356985     0.000383634
    6.600000 p    -0.124884315     0.000192044
    6.600000 p    -0.124645472     0.000000000
    6.600000 p    -0.124645472     0.000329927
    6.600000 p    -0.124645472     0.000195138
    6.600000 p    -0.055372439     0.000076532
    6.600000 p    -0.054518882     0.000000000
    6.600000 p    -0.054518882     0.000111269
    6.600000 p    -0.054518882     0.000060427
    6.600000 p    -0.040816948     0.000058782
    6.600000 p    -0.040816948     0.000000000
    6.600000 p    -0.040816948     0.000038309
    6.600000 p    -0.040816948     0.000000000
    6.600000 p    -0.040816948     0.000005954
    6.600000 p    -0.030814895     0.000051942
    6.600000 p    -0.030321395     0.000000000
    6.600000 p    -0.030321395     0.000068144
    6.600000 p    -0.030321395     0.000024087
    6.600000 p    -0.023208359     0.000000221
    6.600000 p    -0.023208359     0.000001839
    6.600000 p    -0.023208359     0.000000000
    6.600000 p    -0.023208359     0.000000184
    6.600000 p    -0.023208359     0.000000000
    6.600000 p    -0.019474627     0.000012144
    6.600000 p    -0.012135670     0.000015739
    6.600000 p     0.058862418     0.000050609
    6.600000 p     0.173992544     0.000076985
    6.600000 p     0.173992544     0.000000000
    6.600000 p     0.173992544     0.000279235
    6.600000 p     0.332042933     0.000045628
    6.600000 p     1.322516918     0.000000009
    6.600000 p     1.505324841     0.000000000
    6.600000 p     1.505324841     0.000000030
    6.600000 p     1.505324841     0.000000007
    6.600000 p     2.650921583     0.000000000
    6.600000 p     2.650921583     0.000000000
    6.600000 p     2.650921583     0.000000000
    6.600000 p     2.650921583     0.000000000
    6.600000 p     2.650921583     0.000000000
    6.600000 p     3.833277702     0.000000000
 # impact parameter b# state energy# transition probability
    6.800000 t    -0.499356985     0.995034786
    6.800000 t    -0.124884315     0.000231506
    6.800000 t    -0.124645472     0.000000000
    6.800000 t    -0.124645472     0.001107627
    6.800000 t    -0.124645472     0.001073998
    6.800000 t    -0.055372439     0.000052692
    6.800000 t    -0.054518882     0.000000000
    6.800000 t    -0.054518882     0.000184366
    6.800000 t    -0.054518882     0.000145457
    6.800000 t    -0.040816948     0.000108490
    6.800000 t    -0.040816948     0.000000000
    6.800000 t    -0.040816948     0.000167046
    6.800000 t    -0.040816948     0.000000000
    6.800000 t    -0.040816948     0.000050914
    6.800000 t    -0.030814895     0.000032962
    6.800000 t    -0.030321395     0.000000000
    6.800000 t    -0.030321395     0.000086907
    6.800000 t    -0.030321395     0.000042211
    6.800000 t    -0.023208359     0.000000509
    6.800000 t    -0.023208359     0.000003197
    6.800000 t    -0.023208359     0.000000000
    6.800000 t    -0.023208359     0.000001184
    6.800000 t    -0.023208359     0.000000000
    6.800000 t    -0.019474627     0.000004827
    6.800000 t    -0.012135670     0.000004033
    6.800000 t     0.058862418     0.000001702
    6.800000 t     0.173992544     0.000016921
    6.800000 t     0.173992544     0.000000000
    6.800000 t     0.173992544     0.000016096
    6.800000 t     0.332042933     0.000002692
    6.800000 t     1.322516918     0.000000100
    6.800000 t     1.505324841     0.000000000
    6.800000 t     1.505324841     0.000000092
    6.800000 t     1.505324841     0.000000010
    6.800000 t     2.650921583     0.000000000
    6.800000 t     2.650921583     0.000000000
    6.800000 t     2.650921583     0.000000000
    6.800000 t     2.650921583     0.000000000
    6.800000 t     2.650921583     0.000000000
    6.800000 t     3.833277702     0.000000000
    6.800000 p    -0.499356985     0.000268300
    6.800000 p    -0.124884315     0.000139555
    6.800000 p    -0.124645472     0.000000000
    6.800000 p    -0.124645472     0.000266267
    6.800000 p    -0.124645472     0.000158480
    6.800000 p    -0.055372439     0.000055781
    6.800000 p    -0.054518882     0.000000000
    6.800000 p    -0.054518882     0.000088854
    6.800000 p    -0.054518882     0.000048800
    6.800000 p    -0.040816948     0.000049159
    6.800000 p    -0.040816948     0.000000000
    6.800000 p    -0.040816948     0.000033559
    6.800000 p    -0.040816948     0.000000000
    6.800000 p    -0.040816948     0.000005312
    6.800000 p    -0.030814895     0.000038665
    6.800000 p    -0.030321395     0.000000000
    6.800000 p    -0.030321395     0.000054590
    6.800000 p    -0.030321395     0.000019342
    6.800000 p    -0.023208359     0.000000161
    6.800000 p    -0.023208359     0.000001395
    6.800000 p    -0.023208359     0.000000000
    6.800000 p    -0.023208359     0.000000128
    6.800000 p    -0.023208359     0.000000000
    6.800000 p    -0.019474627     0.000008773
    6.800000 p    -0.012135670     0.000011170
    6.800000 p     0.058862418     0.000036698
    6.800000 p     0.173992544     0.000058113
    6.800000 p     0.173992544     0.000000000
    6.800000 p     0.173992544     0.000221821
    6.800000 p     0.332042933     0.000035783
    6.800000 p     1.322516918     0.000000005
    6.800000 p     1.505324841     0.000000000
    6.800000 p     1.505324841     0.000000017
    6.800000 p     1.505324841     0.000000004
    6.800000 p     2.650921583     0.000000000
    6.800000 p     2.650921583     0.000000000
    6.800000 p     2.650921583     0.000000000
    6.800000 p     2.650921583     0.000000000
    6.800000 p     2.650921583     0.000000000
    6.800000 p     3.833277702     0.000000000
 # impact parameter b# state energy# transition probability
    7.000000 t    -0.499356985     0.995901318
    7.000000 t    -0.124884315     0.000188423
    7.000000 t    -0.124645472     0.000000000
    7.000000 t    -0.124645472     0.000957327
    7.000000 t    -0.124645472     0.000935730
    7.000000 t    -0.055372439     0.000041493
    7.000000 t    -0.054518882     0.000000000
    7.000000 t    -0.054518882     0.000152306
    7.000000 t    -0.054518882     0.000121881
    7.000000 t    -0.040816948     0.000090262
    7.000000 t    -0.040816948     0.000000000
    7.000000 t    -0.040816948     0.000140288
    7.000000 t    -0.040816948     0.000000000
    7.000000 t    -0.040816948     0.000043893
    7.000000 t    -0.030814895     0.000026034
    7.000000 t    -0.030321395     0.000000000
    7.000000 t    -0.030321395     0.000071129
    7.000000 t    -0.030321395     0.000035162
    7.000000 t    -0.023208359     0.000000410
    7.000000 t    -0.023208359     0.000002578
    7.000000 t    -0.023208359     0.000000000
    7.000000 t    -0.023208359     0.000000945
    7.000000 t    -0.023208359     0.000000000
    7.000000 t    -0.019474627     0.000003730
    7.000000 t    -0.012135670     0.000003068
    7.000000 t     0.058862418     0.000001282
    7.000000 t     0.173992544     0.000012770
    7.000000 t     0.173992544     0.000000000
    7.000000 t     0.173992544     0.000013136
    7.000000 t     0.332042933     0.000002104
    7.000000 t     1.322516918     0.000000063
    7.000000 t     1.505324841     0.000000000
    7.000000 t     1.505324841     0.000000060
    7.000000 t     1.505324841     0.000000008
    7.000000 t     2.650921583     0.000000000
    7.000000 t     2.650921583     0.000000000
    7.000000 t     2.650921583     0.000000000
    7.000000 t     2.650921583     0.000000000
    7.000000 t     2.650921583     0.000000000
    7.000000 t     3.833277702     0.000000000
    7.000000 p    -0.499356985     0.000187171
    7.000000 p    -0.124884315     0.000101169
    7.000000 p    -0.124645472     0.000000000
    7.000000 p    -0.124645472     0.000213508
    7.000000 p    -0.124645472     0.000127963
    7.000000 p    -0.055372439     0.000040506
    7.000000 p    -0.054518882     0.000000000
    7.000000 p    -0.054518882     0.000070529
    7.000000 p    -0.054518882     0.000039211
    7.000000 p    -0.040816948     0.000040911
    7.000000 p    -0.040816948     0.000000000
    7.000000 p    -0.040816948     0.000029187
    7.000000 p    -0.040816948     0.000000000
    7.000000 p    -0.040816948     0.000004723
    7.000000 p    -0.030814895     0.000028680
    7.000000 p    -0.030321395     0.000000000
    7.000000 p    -0.030321395     0.000043464
    7.000000 p    -0.030321395     0.000015475
    7.000000 p    -0.023208359     0.000000116
    7.000000 p    -0.023208359     0.000001052
    7.000000 p    -0.023208359     0.000000000
    7.000000 p    -0.023208359     0.000000088
    7.000000 p    -0.023208359     0.000000000
    7.000000 p    -0.019474627     0.000006313
    7.000000 p    -0.012135670     0.000007888
    7.000000 p     0.058862418     0.000026504
    7.000000 p     0.173992544     0.000043826
    7.000000 p     0.173992544     0.000000000
    7.000000 p     0.173992544     0.000175398
    7.000000 p     0.332042933     0.000027950
    7.000000 p     1.322516918     0.000000002
    7.000000 p     1.505324841     0.000000000
    7.000000 p     1.505324841     0.000000010
    7.000000 p     1.505324841     0.000000002
    7.000000 p     2.650921583     0.000000000
    7.000000 p     2.650921583     0.000000000
    7.000000 p     2.650921583     0.000000000
    7.000000 p     2.650921583     0.000000000
    7.000000 p     2.650921583     0.000000000
    7.000000 p     3.833277702     0.000000000
 # impact parameter b# state energy# transition probability
    7.200000 t    -0.499356985     0.996613877
    7.200000 t    -0.124884315     0.000153466
    7.200000 t    -0.124645472     0.000000000
    7.200000 t    -0.124645472     0.000825137
    7.200000 t    -0.124645472     0.000812652
    7.200000 t    -0.055372439     0.000032669
    7.200000 t    -0.054518882     0.000000000
    7.200000 t    -0.054518882     0.000125488
    7.200000 t    -0.054518882     0.000101852
    7.200000 t    -0.040816948     0.000075048
    7.200000 t    -0.040816948     0.000000000
    7.200000 t    -0.040816948     0.000117856
    7.200000 t    -0.040816948     0.000000000
    7.200000 t    -0.040816948     0.000037810
    7.200000 t    -0.030814895     0.000020550
    7.200000 t    -0.030321395     0.000000000
    7.200000 t    -0.030321395     0.000058051
    7.200000 t    -0.030321395     0.000029217
    7.200000 t    -0.023208359     0.000000330
    7.200000 t    -0.023208359     0.000002077
    7.200000 t    -0.023208359     0.000000000
    7.200000 t    -0.023208359     0.000000754
    7.200000 t    -0.023208359     0.000000000
    7.200000 t    -0.019474627     0.000002882
    7.200000 t    -0.012135670     0.000002335
    7.200000 t     0.058862418     0.000000978
    7.200000 t     0.173992544     0.000009614
    7.200000 t     0.173992544     0.000000000
    7.200000 t     0.173992544     0.000010564
    7.200000 t     0.332042933     0.000001601
    7.200000 t     1.322516918     0.000000040
    7.200000 t     1.505324841     0.000000000
    7.200000 t     1.505324841     0.000000038
    7.200000 t     1.505324841     0.000000006
    7.200000 t     2.650921583     0.000000000
    7.200000 t     2.650921583     0.000000000
    7.200000 t     2.650921583     0.000000000
    7.200000 t     2.650921583     0.000000000
    7.200000 t     2.650921583     0.000000000
    7.200000 t     3.833277702     0.000000000
    7.200000 p    -0.499356985     0.000130204
    7.200000 p    -0.124884315     0.000073167
    7.200000 p    -0.124645472     0.000000000
    7.200000 p    -0.124645472     0.000170180
    7.200000 p    -0.124645472     0.000102775
    7.200000 p    -0.055372439     0.000029303
    7.200000 p    -0.054518882     0.000000000
    7.200000 p    -0.054518882     0.000055650
    7.200000 p    -0.054518882     0.000031358
    7.200000 p    -0.040816948     0.000033877
    7.200000 p    -0.040816948     0.000000000
    7.200000 p    -0.040816948     0.000025209
    7.200000 p    -0.040816948     0.000000000
    7.200000 p    -0.040816948     0.000004176
    7.200000 p    -0.030814895     0.000021197
    7.200000 p    -0.030321395     0.000000000
    7.200000 p    -0.030321395     0.000034392
    7.200000 p    -0.030321395     0.000012340
    7.200000 p    -0.023208359     0.000000082
    7.200000 p    -0.023208359     0.000000788
    7.200000 p    -0.023208359     0.000000000
    7.200000 p    -0.023208359     0.000000060
    7.200000 p    -0.023208359     0.000000000
    7.200000 p    -0.019474627     0.000004523
    7.200000 p    -0.012135670     0.000005543
    7.200000 p     0.058862418     0.000019073
    7.200000 p     0.173992544     0.000033083
    7.200000 p     0.173992544     0.000000000
    7.200000 p     0.173992544     0.000137988
    7.200000 p     0.332042933     0.000021710
    7.200000 p     1.322516918     0.000000001
    7.200000 p     1.505324841     0.000000000
    7.200000 p     1.505324841     0.000000005
    7.200000 p     1.505324841     0.000000001
    7.200000 p     2.650921583     0.000000000
    7.200000 p     2.650921583     0.000000000
    7.200000 p     2.650921583     0.000000000
    7.200000 p     2.650921583     0.000000000
    7.200000 p     2.650921583     0.000000000
    7.200000 p     3.833277702     0.000000000
 # impact parameter b# state energy# transition probability
    7.400000 t    -0.499356985     0.997200927
    7.400000 t    -0.124884315     0.000125049
    7.400000 t    -0.124645472     0.000000000
    7.400000 t    -0.124645472     0.000709347
    7.400000 t    -0.124645472     0.000703748
    7.400000 t    -0.055372439     0.000025710
    7.400000 t    -0.054518882     0.000000000
    7.400000 t    -0.054518882     0.000103117
    7.400000 t    -0.054518882     0.000084893
    7.400000 t    -0.040816948     0.000062355
    7.400000 t    -0.040816948     0.000000000
    7.400000 t    -0.040816948     0.000098990
    7.400000 t    -0.040816948     0.000000000
    7.400000 t    -0.040816948     0.000032537
    7.400000 t    -0.030814895     0.000016204
    7.400000 t    -0.030321395     0.000000000
    7.400000 t    -0.030321395     0.000047229
    7.400000 t    -0.030321395     0.000024214
    7.400000 t    -0.023208359     0.000000265
    7.400000 t    -0.023208359     0.000001667
    7.400000 t    -0.023208359     0.000000000
    7.400000 t    -0.023208359     0.000000602
    7.400000 t    -0.023208359     0.000000000
    7.400000 t    -0.019474627     0.000002225
    7.400000 t    -0.012135670     0.000001777
    7.400000 t     0.058862418     0.000000754
    7.400000 t     0.173992544     0.000007233
    7.400000 t     0.173992544     0.000000000
    7.400000 t     0.173992544     0.000008379
    7.400000 t     0.332042933     0.000001189
    7.400000 t     1.322516918     0.000000025
    7.400000 t     1.505324841     0.000000000
    7.400000 t     1.505324841     0.000000024
    7.400000 t     1.505324841     0.000000004
    7.400000 t     2.650921583     0.000000000
    7.400000 t     2.650921583     0.000000000
    7.400000 t     2.650921583     0.000000000
    7.400000 t     2.650921583     0.000000000
    7.400000 t     2.650921583     0.000000000
    7.400000 t     3.833277702     0.000000000
    7.400000 p    -0.499356985     0.000090437
    7.400000 p    -0.124884315     0.000052798
    7.400000 p    -0.124645472     0.000000000
    7.400000 p    -0.124645472     0.000134849
    7.400000 p    -0.124645472     0.000082099
    7.400000 p    -0.055372439     0.000021123
    7.400000 p    -0.054518882     0.000000000
    7.400000 p    -0.054518882     0.000043659
    7.400000 p    -0.054518882     0.000024956
    7.400000 p    -0.040816948     0.000027914
    7.400000 p    -0.040816948     0.000000000
    7.400000 p    -0.040816948     0.000021621
    7.400000 p    -0.040816948     0.000000000
    7.400000 p    -0.040816948     0.000003669
    7.400000 p    -0.030814895     0.000015611
    7.400000 p    -0.030321395     0.000000000
    7.400000 p    -0.030321395     0.000027051
    7.400000 p    -0.030321395     0.000009804
    7.400000 p    -0.023208359     0.000000058
    7.400000 p    -0.023208359     0.000000588
    7.400000 p    -0.023208359     0.000000000
    7.400000 p    -0.023208359     0.000000041
    7.400000 p    -0.023208359     0.000000000
    7.400000 p    -0.019474627     0.000003229
    7.400000 p    -0.012135670     0.000003876
    7.400000 p     0.058862418     0.000013676
    7.400000 p     0.173992544     0.000025021
    7.400000 p     0.173992544     0.000000000
    7.400000 p     0.173992544     0.000107945
    7.400000 p     0.332042933     0.000016741
    7.400000 p     1.322516918     0.000000000
    7.400000 p     1.505324841     0.000000000
    7.400000 p     1.505324841     0.000000003
    7.400000 p     1.505324841     0.000000001
    7.400000 p     2.650921583     0.000000000
    7.400000 p     2.650921583     0.000000000
    7.400000 p     2.650921583     0.000000000
    7.400000 p     2.650921583     0.000000000
    7.400000 p     2.650921583     0.000000000
    7.400000 p     3.833277702     0.000000000
 # impact parameter b# state energy# transition probability
    7.600000 t    -0.499356985     0.997684756
    7.600000 t    -0.124884315     0.000101960
    7.600000 t    -0.124645472     0.000000000
    7.600000 t    -0.124645472     0.000608442
    7.600000 t    -0.124645472     0.000607824
    7.600000 t    -0.055372439     0.000020237
    7.600000 t    -0.054518882     0.000000000
    7.600000 t    -0.054518882     0.000084553
    7.600000 t    -0.054518882     0.000070578
    7.600000 t    -0.040816948     0.000051776
    7.600000 t    -0.040816948     0.000000000
    7.600000 t    -0.040816948     0.000083110
    7.600000 t    -0.040816948     0.000000000
    7.600000 t    -0.040816948     0.000027955
    7.600000 t    -0.030814895     0.000012771
    7.600000 t    -0.030321395     0.000000000
    7.600000 t    -0.030321395     0.000038324
    7.600000 t    -0.030321395     0.000020015
    7.600000 t    -0.023208359     0.000000213
    7.600000 t    -0.023208359     0.000001336
    7.600000 t    -0.023208359     0.000000000
    7.600000 t    -0.023208359     0.000000481
    7.600000 t    -0.023208359     0.000000000
    7.600000 t    -0.019474627     0.000001717
    7.600000 t    -0.012135670     0.000001353
    7.600000 t     0.058862418     0.000000586
    7.600000 t     0.173992544     0.000005441
    7.600000 t     0.173992544     0.000000000
    7.600000 t     0.173992544     0.000006562
    7.600000 t     0.332042933     0.000000865
    7.600000 t     1.322516918     0.000000016
    7.600000 t     1.505324841     0.000000000
    7.600000 t     1.505324841     0.000000014
    7.600000 t     1.505324841     0.000000003
    7.600000 t     2.650921583     0.000000000
    7.600000 t     2.650921583     0.000000000
    7.600000 t     2.650921583     0.000000000
    7.600000 t     2.650921583     0.000000000
    7.600000 t     2.650921583     0.000000000
    7.600000 t     3.833277702     0.000000000
    7.600000 p    -0.499356985     0.000062607
    7.600000 p    -0.124884315     0.000038016
    7.600000 p    -0.124645472     0.000000000
    7.600000 p    -0.124645472     0.000106300
    7.600000 p    -0.124645472     0.000065281
    7.600000 p    -0.055372439     0.000015176
    7.600000 p    -0.054518882     0.000000000
    7.600000 p    -0.054518882     0.000034075
    7.600000 p    -0.054518882     0.000019777
    7.600000 p    -0.040816948     0.000022899
    7.600000 p    -0.040816948     0.000000000
    7.600000 p    -0.040816948     0.000018426
    7.600000 p    -0.040816948     0.000000000
    7.600000 p    -0.040816948     0.000003201
    7.600000 p    -0.030814895     0.000011461
    7.600000 p    -0.030321395     0.000000000
    7.600000 p    -0.030321395     0.000021164
    7.600000 p    -0.030321395     0.000007764
    7.600000 p    -0.023208359     0.000000040
    7.600000 p    -0.023208359     0.000000436
    7.600000 p    -0.023208359     0.000000000
    7.600000 p    -0.023208359     0.000000027
    7.600000 p    -0.023208359     0.000000000
    7.600000 p    -0.019474627     0.000002297
    7.600000 p    -0.012135670     0.000002700
    7.600000 p     0.058862418     0.000009786
    7.600000 p     0.173992544     0.000018985
    7.600000 p     0.173992544     0.000000000
    7.600000 p     0.173992544     0.000084014
    7.600000 p     0.332042933     0.000012812
    7.600000 p     1.322516918     0.000000000
    7.600000 p     1.505324841     0.000000000
    7.600000 p     1.505324841     0.000000002
    7.600000 p     1.505324841     0.000000000
    7.600000 p     2.650921583     0.000000000
    7.600000 p     2.650921583     0.000000000
    7.600000 p     2.650921583     0.000000000
    7.600000 p     2.650921583     0.000000000
    7.600000 p     2.650921583     0.000000000
    7.600000 p     3.833277702     0.000000000
 # impact parameter b# state energy# transition probability
    7.800000 t    -0.499356985     0.998084039
    7.800000 t    -0.124884315     0.000083166
    7.800000 t    -0.124645472     0.000000000
    7.800000 t    -0.124645472     0.000520772
    7.800000 t    -0.124645472     0.000523794
    7.800000 t    -0.055372439     0.000015921
    7.800000 t    -0.054518882     0.000000000
    7.800000 t    -0.054518882     0.000069171
    7.800000 t    -0.054518882     0.000058531
    7.800000 t    -0.040816948     0.000042959
    7.800000 t    -0.040816948     0.000000000
    7.800000 t    -0.040816948     0.000069723
    7.800000 t    -0.040816948     0.000000000
    7.800000 t    -0.040816948     0.000023982
    7.800000 t    -0.030814895     0.000010055
    7.800000 t    -0.030321395     0.000000000
    7.800000 t    -0.030321395     0.000031009
    7.800000 t    -0.030321395     0.000016497
    7.800000 t    -0.023208359     0.000000172
    7.800000 t    -0.023208359     0.000001069
    7.800000 t    -0.023208359     0.000000000
    7.800000 t    -0.023208359     0.000000384
    7.800000 t    -0.023208359     0.000000000
    7.800000 t    -0.019474627     0.000001325
    7.800000 t    -0.012135670     0.000001030
    7.800000 t     0.058862418     0.000000456
    7.800000 t     0.173992544     0.000004092
    7.800000 t     0.173992544     0.000000000
    7.800000 t     0.173992544     0.000005080
    7.800000 t     0.332042933     0.000000618
    7.800000 t     1.322516918     0.000000010
    7.800000 t     1.505324841     0.000000000
    7.800000 t     1.505324841     0.000000008
    7.800000 t     1.505324841     0.000000002
    7.800000 t     2.650921583     0.000000000
    7.800000 t     2.650921583     0.000000000
    7.800000 t     2.650921583     0.000000000
    7.800000 t     2.650921583     0.000000000
    7.800000 t     2.650921583     0.000000000
    7.800000 t     3.833277702     0.000000000
    7.800000 p    -0.499356985     0.000043301
    7.800000 p    -0.124884315     0.000027313
    7.800000 p    -0.124645472     0.000000000
    7.800000 p    -0.124645472     0.000083363
    7.800000 p    -0.124645472     0.000051659
    7.800000 p    -0.055372439     0.000010867
    7.800000 p    -0.054518882     0.000000000
    7.800000 p    -0.054518882     0.000026457
    7.800000 p    -0.054518882     0.000015599
    7.800000 p    -0.040816948     0.000018696
    7.800000 p    -0.040816948     0.000000000
    7.800000 p    -0.040816948     0.000015599
    7.800000 p    -0.040816948     0.000000000
    7.800000 p    -0.040816948     0.000002773
    7.800000 p    -0.030814895     0.000008387
    7.800000 p    -0.030321395     0.000000000
    7.800000 p    -0.030321395     0.000016468
    7.800000 p    -0.030321395     0.000006125
    7.800000 p    -0.023208359     0.000000028
    7.800000 p    -0.023208359     0.000000321
    7.800000 p    -0.023208359     0.000000000
    7.800000 p    -0.023208359     0.000000018
    7.800000 p    -0.023208359     0.000000000
    7.800000 p    -0.019474627     0.000001628
    7.800000 p    -0.012135670     0.000001873
    7.800000 p     0.058862418     0.000006988
    7.800000 p     0.173992544     0.000014439
    7.800000 p     0.173992544     0.000000000
    7.800000 p     0.173992544     0.000065016
    7.800000 p     0.332042933     0.000009720
    7.800000 p     1.322516918     0.000000000
    7.800000 p     1.505324841     0.000000000
    7.800000 p     1.505324841     0.000000001
    7.800000 p     1.505324841     0.000000000
    7.800000 p     2.650921583     0.000000000
    7.800000 p     2.650921583     0.000000000
    7.800000 p     2.650921583     0.000000000
    7.800000 p     2.650921583     0.000000000
    7.800000 p     2.650921583     0.000000000
    7.800000 p     3.833277702     0.000000000
 # impact parameter b# state energy# transition probability
    8.000000 t    -0.499356985     0.998413737
    8.000000 t    -0.124884315     0.000067855
    8.000000 t    -0.124645472     0.000000000
    8.000000 t    -0.124645472     0.000444880
    8.000000 t    -0.124645472     0.000450429
    8.000000 t    -0.055372439     0.000012521
    8.000000 t    -0.054518882     0.000000000
    8.000000 t    -0.054518882     0.000056465
    8.000000 t    -0.054518882     0.000048420
    8.000000 t    -0.040816948     0.000035613
    8.000000 t    -0.040816948     0.000000000
    8.000000 t    -0.040816948     0.000058437
    8.000000 t    -0.040816948     0.000000000
    8.000000 t    -0.040816948     0.000020535
    8.000000 t    -0.030814895     0.000007909
    8.000000 t    -0.030321395     0.000000000
    8.000000 t    -0.030321395     0.000025021
    8.000000 t    -0.030321395     0.000013559
    8.000000 t    -0.023208359     0.000000138
    8.000000 t    -0.023208359     0.000000853
    8.000000 t    -0.023208359     0.000000000
    8.000000 t    -0.023208359     0.000000307
    8.000000 t    -0.023208359     0.000000000
    8.000000 t    -0.019474627     0.000001020
    8.000000 t    -0.012135670     0.000000783
    8.000000 t     0.058862418     0.000000355
    8.000000 t     0.173992544     0.000003076
    8.000000 t     0.173992544     0.000000000
    8.000000 t     0.173992544     0.000003891
    8.000000 t     0.332042933     0.000000434
    8.000000 t     1.322516918     0.000000007
    8.000000 t     1.505324841     0.000000000
    8.000000 t     1.505324841     0.000000004
    8.000000 t     1.505324841     0.000000001
    8.000000 t     2.650921583     0.000000000
    8.000000 t     2.650921583     0.000000000
    8.000000 t     2.650921583     0.000000000
    8.000000 t     2.650921583     0.000000000
    8.000000 t     2.650921583     0.000000000
    8.000000 t     3.833277702     0.000000000
    8.000000 p    -0.499356985     0.000029852
    8.000000 p    -0.124884315     0.000019571
    8.000000 p    -0.124645472     0.000000000
    8.000000 p    -0.124645472     0.000065056
    8.000000 p    -0.124645472     0.000040695
    8.000000 p    -0.055372439     0.000007751
    8.000000 p    -0.054518882     0.000000000
    8.000000 p    -0.054518882     0.000020433
    8.000000 p    -0.054518882     0.000012245
    8.000000 p    -0.040816948     0.000015190
    8.000000 p    -0.040816948     0.000000000
    8.000000 p    -0.040816948     0.000013121
    8.000000 p    -0.040816948     0.000000000
    8.000000 p    -0.040816948     0.000002385
    8.000000 p    -0.030814895     0.000006114
    8.000000 p    -0.030321395     0.000000000
    8.000000 p    -0.030321395     0.000012742
    8.000000 p    -0.030321395     0.000004812
    8.000000 p    -0.023208359     0.000000019
    8.000000 p    -0.023208359     0.000000236
    8.000000 p    -0.023208359     0.000000000
    8.000000 p    -0.023208359     0.000000012
    8.000000 p    -0.023208359     0.000000000
    8.000000 p    -0.019474627     0.000001150
    8.000000 p    -0.012135670     0.000001294
    8.000000 p     0.058862418     0.000004982
    8.000000 p     0.173992544     0.000010999
    8.000000 p     0.173992544     0.000000000
    8.000000 p     0.173992544     0.000050002
    8.000000 p     0.332042933     0.000007301
    8.000000 p     1.322516918     0.000000000
    8.000000 p     1.505324841     0.000000000
    8.000000 p     1.505324841     0.000000000
    8.000000 p     1.505324841     0.000000000
    8.000000 p     2.650921583     0.000000000
    8.000000 p     2.650921583     0.000000000
    8.000000 p     2.650921583     0.000000000
    8.000000 p     2.650921583     0.000000000
    8.000000 p     2.650921583     0.000000000
    8.000000 p     3.833277702     0.000000000
 # impact parameter b# state energy# transition probability
    8.200000 t    -0.499356985     0.998686086
    8.200000 t    -0.124884315     0.000055379
    8.200000 t    -0.124645472     0.000000000
    8.200000 t    -0.124645472     0.000379423
    8.200000 t    -0.124645472     0.000386584
    8.200000 t    -0.055372439     0.000009845
    8.200000 t    -0.054518882     0.000000000
    8.200000 t    -0.054518882     0.000046017
    8.200000 t    -0.054518882     0.000039962
    8.200000 t    -0.040816948     0.000029501
    8.200000 t    -0.040816948     0.000000000
    8.200000 t    -0.040816948     0.000048916
    8.200000 t    -0.040816948     0.000000000
    8.200000 t    -0.040816948     0.000017547
    8.200000 t    -0.030814895     0.000006217
    8.200000 t    -0.030321395     0.000000000
    8.200000 t    -0.030321395     0.000020142
    8.200000 t    -0.030321395     0.000011114
    8.200000 t    -0.023208359     0.000000111
    8.200000 t    -0.023208359     0.000000680
    8.200000 t    -0.023208359     0.000000000
    8.200000 t    -0.023208359     0.000000245
    8.200000 t    -0.023208359     0.000000000
    8.200000 t    -0.019474627     0.000000785
    8.200000 t    -0.012135670     0.000000595
    8.200000 t     0.058862418     0.000000276
    8.200000 t     0.173992544     0.000002312
    8.200000 t     0.173992544     0.000000000
    8.200000 t     0.173992544     0.000002954
    8.200000 t     0.332042933     0.000000301
    8.200000 t     1.322516918     0.000000004
    8.200000 t     1.505324841     0.000000000
    8.200000 t     1.505324841     0.000000002
    8.200000 t     1.505324841     0.000000001
    8.200000 t     2.650921583     0.000000000
    8.200000 t     2.650921583     0.000000000
    8.200000 t     2.650921583     0.000000000
    8.200000 t     2.650921583     0.000000000
    8.200000 t     2.650921583     0.000000000
    8.200000 t     3.833277702     0.000000000
    8.200000 p    -0.499356985     0.000020537
    8.200000 p    -0.124884315     0.000013994
    8.200000 p    -0.124645472     0.000000000
    8.200000 p    -0.124645472     0.000050547
    8.200000 p    -0.124645472     0.000031930
    8.200000 p    -0.055372439     0.000005512
    8.200000 p    -0.054518882     0.000000000
    8.200000 p    -0.054518882     0.000015711
    8.200000 p    -0.054518882     0.000009571
    8.200000 p    -0.040816948     0.000012290
    8.200000 p    -0.040816948     0.000000000
    8.200000 p    -0.040816948     0.000010974
    8.200000 p    -0.040816948     0.000000000
    8.200000 p    -0.040816948     0.000002038
    8.200000 p    -0.030814895     0.000004445
    8.200000 p    -0.030321395     0.000000000
    8.200000 p    -0.030321395     0.000009814
    8.200000 p    -0.030321395     0.000003765
    8.200000 p    -0.023208359     0.000000012
    8.200000 p    -0.023208359     0.000000172
    8.200000 p    -0.023208359     0.000000000
    8.200000 p    -0.023208359     0.000000008
    8.200000 p    -0.023208359     0.000000000
    8.200000 p    -0.019474627     0.000000810
    8.200000 p    -0.012135670     0.000000891
    8.200000 p     0.058862418     0.000003554
    8.200000 p     0.173992544     0.000008391
    8.200000 p     0.173992544     0.000000000
    8.200000 p     0.173992544     0.000038264
    8.200000 p     0.332042933     0.000005436
    8.200000 p     1.322516918     0.000000000
    8.200000 p     1.505324841     0.000000000
    8.200000 p     1.505324841     0.000000000
    8.200000 p     1.505324841     0.000000000
    8.200000 p     2.650921583     0.000000000
    8.200000 p     2.650921583     0.000000000
    8.200000 p     2.650921583     0.000000000
    8.200000 p     2.650921583     0.000000000
    8.200000 p     2.650921583     0.000000000
    8.200000 p     3.833277702     0.000000000
 # impact parameter b# state energy# transition probability
    8.400000 t    -0.499356985     0.998911197
    8.400000 t    -0.124884315     0.000045209
    8.400000 t    -0.124645472     0.000000000
    8.400000 t    -0.124645472     0.000323069
    8.400000 t    -0.124645472     0.000331259
    8.400000 t    -0.055372439     0.000007735
    8.400000 t    -0.054518882     0.000000000
    8.400000 t    -0.054518882     0.000037434
    8.400000 t    -0.054518882     0.000032911
    8.400000 t    -0.040816948     0.000024411
    8.400000 t    -0.040816948     0.000000000
    8.400000 t    -0.040816948     0.000040895
    8.400000 t    -0.040816948     0.000000000
    8.400000 t    -0.040816948     0.000014965
    8.400000 t    -0.030814895     0.000004880
    8.400000 t    -0.030321395     0.000000000
    8.400000 t    -0.030321395     0.000016173
    8.400000 t    -0.030321395     0.000009085
    8.400000 t    -0.023208359     0.000000090
    8.400000 t    -0.023208359     0.000000541
    8.400000 t    -0.023208359     0.000000000
    8.400000 t    -0.023208359     0.000000196
    8.400000 t    -0.023208359     0.000000000
    8.400000 t    -0.019474627     0.000000603
    8.400000 t    -0.012135670     0.000000452
    8.400000 t     0.058862418     0.000000212
    8.400000 t     0.173992544     0.000001736
    8.400000 t     0.173992544     0.000000000
    8.400000 t     0.173992544     0.000002228
    8.400000 t     0.332042933     0.000000206
    8.400000 t     1.322516918     0.000000003
    8.400000 t     1.505324841     0.000000000
    8.400000 t     1.505324841     0.000000001
    8.400000 t     1.505324841     0.000000000
    8.400000 t     2.650921583     0.000000000
    8.400000 t     2.650921583     0.000000000
    8.400000 t     2.650921583     0.000000000
    8.400000 t     2.650921583     0.000000000
    8.400000 t     2.650921583     0.000000000
    8.400000 t     3.833277702     0.000000000
    8.400000 p    -0.499356985     0.000014115
    8.400000 p    -0.124884315     0.000009982
    8.400000 p    -0.124645472     0.000000000
    8.400000 p    -0.124645472     0.000039098
    8.400000 p    -0.124645472     0.000024943
    8.400000 p    -0.055372439     0.000003906
    8.400000 p    -0.054518882     0.000000000
    8.400000 p    -0.054518882     0.000012023
    8.400000 p    -0.054518882     0.000007445
    8.400000 p    -0.040816948     0.000009897
    8.400000 p    -0.040816948     0.000000000
    8.400000 p    -0.040816948     0.000009123
    8.400000 p    -0.040816948     0.000000000
    8.400000 p    -0.040816948     0.000001730
    8.400000 p    -0.030814895     0.000003221
    8.400000 p    -0.030321395     0.000000000
    8.400000 p    -0.030321395     0.000007520
    8.400000 p    -0.030321395     0.000002933
    8.400000 p    -0.023208359     0.000000008
    8.400000 p    -0.023208359     0.000000125
    8.400000 p    -0.023208359     0.000000000
    8.400000 p    -0.023208359     0.000000005
    8.400000 p    -0.023208359     0.000000000
    8.400000 p    -0.019474627     0.000000568
    8.400000 p    -0.012135670     0.000000612
    8.400000 p     0.058862418     0.000002535
    8.400000 p     0.173992544     0.000006395
    8.400000 p     0.173992544     0.000000000
    8.400000 p     0.173992544     0.000029107
    8.400000 p     0.332042933     0.000004008
    8.400000 p     1.322516918     0.000000000
    8.400000 p     1.505324841     0.000000000
    8.400000 p     1.505324841     0.000000000
    8.400000 p     1.505324841     0.000000000
    8.400000 p     2.650921583     0.000000000
    8.400000 p     2.650921583     0.000000000
    8.400000 p     2.650921583     0.000000000
    8.400000 p     2.650921583     0.000000000
    8.400000 p     2.650921583     0.000000000
    8.400000 p     3.833277702     0.000000000
 # impact parameter b# state energy# transition probability
    8.600000 t    -0.499356985     0.999097659
    8.600000 t    -0.124884315     0.000036903
    8.600000 t    -0.124645472     0.000000000
    8.600000 t    -0.124645472     0.000274680
    8.600000 t    -0.124645472     0.000283394
    8.600000 t    -0.055372439     0.000006072
    8.600000 t    -0.054518882     0.000000000
    8.600000 t    -0.054518882     0.000030404
    8.600000 t    -0.054518882     0.000027044
    8.600000 t    -0.040816948     0.000020179
    8.600000 t    -0.040816948     0.000000000
    8.600000 t    -0.040816948     0.000034136
    8.600000 t    -0.040816948     0.000000000
    8.600000 t    -0.040816948     0.000012734
    8.600000 t    -0.030814895     0.000003826
    8.600000 t    -0.030321395     0.000000000
    8.600000 t    -0.030321395     0.000012957
    8.600000 t    -0.030321395     0.000007406
    8.600000 t    -0.023208359     0.000000072
    8.600000 t    -0.023208359     0.000000429
    8.600000 t    -0.023208359     0.000000000
    8.600000 t    -0.023208359     0.000000156
    8.600000 t    -0.023208359     0.000000000
    8.600000 t    -0.019474627     0.000000462
    8.600000 t    -0.012135670     0.000000342
    8.600000 t     0.058862418     0.000000162
    8.600000 t     0.173992544     0.000001304
    8.600000 t     0.173992544     0.000000000
    8.600000 t     0.173992544     0.000001671
    8.600000 t     0.332042933     0.000000140
    8.600000 t     1.322516918     0.000000002
    8.600000 t     1.505324841     0.000000000
    8.600000 t     1.505324841     0.000000000
    8.600000 t     1.505324841     0.000000000
    8.600000 t     2.650921583     0.000000000
    8.600000 t     2.650921583     0.000000000
    8.600000 t     2.650921583     0.000000000
    8.600000 t     2.650921583     0.000000000
    8.600000 t     2.650921583     0.000000000
    8.600000 t     3.833277702     0.000000000
    8.600000 p    -0.499356985     0.000009683
    8.600000 p    -0.124884315     0.000007105
    8.600000 p    -0.124645472     0.000000000
    8.600000 p    -0.124645472     0.000030113
    8.600000 p    -0.124645472     0.000019402
    8.600000 p    -0.055372439     0.000002760
    8.600000 p    -0.054518882     0.000000000
    8.600000 p    -0.054518882     0.000009159
    8.600000 p    -0.054518882     0.000005763
    8.600000 p    -0.040816948     0.000007934
    8.600000 p    -0.040816948     0.000000000
    8.600000 p    -0.040816948     0.000007543
    8.600000 p    -0.040816948     0.000000000
    8.600000 p    -0.040816948     0.000001461
    8.600000 p    -0.030814895     0.000002327
    8.600000 p    -0.030321395     0.000000000
    8.600000 p    -0.030321395     0.000005736
    8.600000 p    -0.030321395     0.000002273
    8.600000 p    -0.023208359     0.000000005
    8.600000 p    -0.023208359     0.000000090
    8.600000 p    -0.023208359     0.000000000
    8.600000 p    -0.023208359     0.000000003
    8.600000 p    -0.023208359     0.000000000
    8.600000 p    -0.019474627     0.000000398
    8.600000 p    -0.012135670     0.000000419
    8.600000 p     0.058862418     0.000001812
    8.600000 p     0.173992544     0.000004865
    8.600000 p     0.173992544     0.000000000
    8.600000 p     0.173992544     0.000022026
    8.600000 p     0.332042933     0.000002927
    8.600000 p     1.322516918     0.000000000
    8.600000 p     1.505324841     0.000000000
    8.600000 p     1.505324841     0.000000000
    8.600000 p     1.505324841     0.000000000
    8.600000 p     2.650921583     0.000000000
    8.600000 p     2.650921583     0.000000000
    8.600000 p     2.650921583     0.000000000
    8.600000 p     2.650921583     0.000000000
    8.600000 p     2.650921583     0.000000000
    8.600000 p     3.833277702     0.000000000
 # impact parameter b# state energy# transition probability
    8.800000 t    -0.499356985     0.999251750
    8.800000 t    -0.124884315     0.000030136
    8.800000 t    -0.124645472     0.000000000
    8.800000 t    -0.124645472     0.000233259
    8.800000 t    -0.124645472     0.000242110
    8.800000 t    -0.055372439     0.000004765
    8.800000 t    -0.054518882     0.000000000
    8.800000 t    -0.054518882     0.000024668
    8.800000 t    -0.054518882     0.000022186
    8.800000 t    -0.040816948     0.000016666
    8.800000 t    -0.040816948     0.000000000
    8.800000 t    -0.040816948     0.000028450
    8.800000 t    -0.040816948     0.000000000
    8.800000 t    -0.040816948     0.000010811
    8.800000 t    -0.030814895     0.000002998
    8.800000 t    -0.030321395     0.000000000
    8.800000 t    -0.030321395     0.000010361
    8.800000 t    -0.030321395     0.000006025
    8.800000 t    -0.023208359     0.000000058
    8.800000 t    -0.023208359     0.000000340
    8.800000 t    -0.023208359     0.000000000
    8.800000 t    -0.023208359     0.000000125
    8.800000 t    -0.023208359     0.000000000
    8.800000 t    -0.019474627     0.000000353
    8.800000 t    -0.012135670     0.000000258
    8.800000 t     0.058862418     0.000000123
    8.800000 t     0.173992544     0.000000978
    8.800000 t     0.173992544     0.000000000
    8.800000 t     0.173992544     0.000001249
    8.800000 t     0.332042933     0.000000094
    8.800000 t     1.322516918     0.000000001
    8.800000 t     1.505324841     0.000000000
    8.800000 t     1.505324841     0.000000000
    8.800000 t     1.505324841     0.000000000
    8.800000 t     2.650921583     0.000000000
    8.800000 t     2.650921583     0.000000000
    8.800000 t     2.650921583     0.000000000
    8.800000 t     2.650921583     0.000000000
    8.800000 t     2.650921583     0.000000000
    8.800000 t     3.833277702     0.000000000
    8.800000 p    -0.499356985     0.000006631
    8.800000 p    -0.124884315     0.000005047
    8.800000 p    -0.124645472     0.000000000
    8.800000 p    -0.124645472     0.000023109
    8.800000 p    -0.124645472     0.000015041
    8.800000 p    -0.055372439     0.000001944
    8.800000 p    -0.054518882     0.000000000
    8.800000 p    -0.054518882     0.000006951
    8.800000 p    -0.054518882     0.000004443
    8.800000 p    -0.040816948     0.000006334
    8.800000 p    -0.040816948     0.000000000
    8.800000 p    -0.040816948     0.000006205
    8.800000 p    -0.040816948     0.000000000
    8.800000 p    -0.040816948     0.000001227
    8.800000 p    -0.030814895     0.000001677
    8.800000 p    -0.030321395     0.000000000
    8.800000 p    -0.030321395     0.000004357
    8.800000 p    -0.030321395     0.000001754
    8.800000 p    -0.023208359     0.000000003
    8.800000 p    -0.023208359     0.000000065
    8.800000 p    -0.023208359     0.000000000
    8.800000 p    -0.023208359     0.000000002
    8.800000 p    -0.023208359     0.000000000
    8.800000 p    -0.019474627     0.000000278
    8.800000 p    -0.012135670     0.000000287
    8.800000 p     0.058862418     0.000001298
    8.800000 p     0.173992544     0.000003691
    8.800000 p     0.173992544     0.000000000
    8.800000 p     0.173992544     0.000016589
    8.800000 p     0.332042933     0.000002118
    8.800000 p     1.322516918     0.000000000
    8.800000 p     1.505324841     0.000000000
    8.800000 p     1.505324841     0.000000000
    8.800000 p     1.505324841     0.000000000
    8.800000 p     2.650921583     0.000000000
    8.800000 p     2.650921583     0.000000000
    8.800000 p     2.650921583     0.000000000
    8.800000 p     2.650921583     0.000000000
    8.800000 p     2.650921583     0.000000000
    8.800000 p     3.833277702     0.000000000
 # impact parameter b# state energy# transition probability
    9.000000 t    -0.499356985     0.999379140
    9.000000 t    -0.124884315     0.000024616
    9.000000 t    -0.124645472     0.000000000
    9.000000 t    -0.124645472     0.000197839
    9.000000 t    -0.124645472     0.000206590
    9.000000 t    -0.055372439     0.000003735
    9.000000 t    -0.054518882     0.000000000
    9.000000 t    -0.054518882     0.000019991
    9.000000 t    -0.054518882     0.000018169
    9.000000 t    -0.040816948     0.000013749
    9.000000 t    -0.040816948     0.000000000
    9.000000 t    -0.040816948     0.000023673
    9.000000 t    -0.040816948     0.000000000
    9.000000 t    -0.040816948     0.000009158
    9.000000 t    -0.030814895     0.000002346
    9.000000 t    -0.030321395     0.000000000
    9.000000 t    -0.030321395     0.000008268
    9.000000 t    -0.030321395     0.000004890
    9.000000 t    -0.023208359     0.000000047
    9.000000 t    -0.023208359     0.000000269
    9.000000 t    -0.023208359     0.000000000
    9.000000 t    -0.023208359     0.000000099
    9.000000 t    -0.023208359     0.000000000
    9.000000 t    -0.019474627     0.000000270
    9.000000 t    -0.012135670     0.000000194
    9.000000 t     0.058862418     0.000000092
    9.000000 t     0.173992544     0.000000734
    9.000000 t     0.173992544     0.000000000
    9.000000 t     0.173992544     0.000000932
    9.000000 t     0.332042933     0.000000062
    9.000000 t     1.322516918     0.000000001
    9.000000 t     1.505324841     0.000000000
    9.000000 t     1.505324841     0.000000000
    9.000000 t     1.505324841     0.000000000
    9.000000 t     2.650921583     0.000000000
    9.000000 t     2.650921583     0.000000000
    9.000000 t     2.650921583     0.000000000
    9.000000 t     2.650921583     0.000000000
    9.000000 t     2.650921583     0.000000000
    9.000000 t     3.833277702     0.000000000
    9.000000 p    -0.499356985     0.000004539
    9.000000 p    -0.124884315     0.000003575
    9.000000 p    -0.124645472     0.000000000
    9.000000 p    -0.124645472     0.000017664
    9.000000 p    -0.124645472     0.000011614
    9.000000 p    -0.055372439     0.000001364
    9.000000 p    -0.054518882     0.000000000
    9.000000 p    -0.054518882     0.000005252
    9.000000 p    -0.054518882     0.000003409
    9.000000 p    -0.040816948     0.000005033
    9.000000 p    -0.040816948     0.000000000
    9.000000 p    -0.040816948     0.000005079
    9.000000 p    -0.040816948     0.000000000
    9.000000 p    -0.040816948     0.000001024
    9.000000 p    -0.030814895     0.000001205
    9.000000 p    -0.030321395     0.000000000
    9.000000 p    -0.030321395     0.000003295
    9.000000 p    -0.030321395     0.000001346
    9.000000 p    -0.023208359     0.000000002
    9.000000 p    -0.023208359     0.000000047
    9.000000 p    -0.023208359     0.000000000
    9.000000 p    -0.023208359     0.000000001
    9.000000 p    -0.023208359     0.000000000
    9.000000 p    -0.019474627     0.000000193
    9.000000 p    -0.012135670     0.000000195
    9.000000 p     0.058862418     0.000000931
    9.000000 p     0.173992544     0.000002787
    9.000000 p     0.173992544     0.000000000
    9.000000 p     0.173992544     0.000012435
    9.000000 p     0.332042933     0.000001518
    9.000000 p     1.322516918     0.000000000
    9.000000 p     1.505324841     0.000000000
    9.000000 p     1.505324841     0.000000000
    9.000000 p     1.505324841     0.000000000
    9.000000 p     2.650921583     0.000000000
    9.000000 p     2.650921583     0.000000000
    9.000000 p     2.650921583     0.000000000
    9.000000 p     2.650921583     0.000000000
    9.000000 p     2.650921583     0.000000000
    9.000000 p     3.833277702     0.000000000
 # impact parameter b# state energy# transition probability
    9.200000 t    -0.499356985     0.999484557
    9.200000 t    -0.124884315     0.000020108
    9.200000 t    -0.124645472     0.000000000
    9.200000 t    -0.124645472     0.000167634
    9.200000 t    -0.124645472     0.000176061
    9.200000 t    -0.055372439     0.000002927
    9.200000 t    -0.054518882     0.000000000
    9.200000 t    -0.054518882     0.000016189
    9.200000 t    -0.054518882     0.000014857
    9.200000 t    -0.040816948     0.000011330
    9.200000 t    -0.040816948     0.000000000
    9.200000 t    -0.040816948     0.000019663
    9.200000 t    -0.040816948     0.000000000
    9.200000 t    -0.040816948     0.000007738
    9.200000 t    -0.030814895     0.000001834
    9.200000 t    -0.030321395     0.000000000
    9.200000 t    -0.030321395     0.000006587
    9.200000 t    -0.030321395     0.000003962
    9.200000 t    -0.023208359     0.000000038
    9.200000 t    -0.023208359     0.000000213
    9.200000 t    -0.023208359     0.000000000
    9.200000 t    -0.023208359     0.000000079
    9.200000 t    -0.023208359     0.000000000
    9.200000 t    -0.019474627     0.000000205
    9.200000 t    -0.012135670     0.000000145
    9.200000 t     0.058862418     0.000000069
    9.200000 t     0.173992544     0.000000551
    9.200000 t     0.173992544     0.000000000
    9.200000 t     0.173992544     0.000000695
    9.200000 t     0.332042933     0.000000041
    9.200000 t     1.322516918     0.000000000
    9.200000 t     1.505324841     0.000000000
    9.200000 t     1.505324841     0.000000000
    9.200000 t     1.505324841     0.000000000
    9.200000 t     2.650921583     0.000000000
    9.200000 t     2.650921583     0.000000000
    9.200000 t     2.650921583     0.000000000
    9.200000 t     2.650921583     0.000000000
    9.200000 t     2.650921583     0.000000000
    9.200000 t     3.833277702     0.000000000
    9.200000 p    -0.499356985     0.000003098
    9.200000 p    -0.124884315     0.000002526
    9.200000 p    -0.124645472     0.000000000
    9.200000 p    -0.124645472     0.000013455
    9.200000 p    -0.124645472     0.000008939
    9.200000 p    -0.055372439     0.000000954
    9.200000 p    -0.054518882     0.000000000
    9.200000 p    -0.054518882     0.000003953
    9.200000 p    -0.054518882     0.000002605
    9.200000 p    -0.040816948     0.000003982
    9.200000 p    -0.040816948     0.000000000
    9.200000 p    -0.040816948     0.000004138
    9.200000 p    -0.040816948     0.000000000
    9.200000 p    -0.040816948     0.000000852
    9.200000 p    -0.030814895     0.000000863
    9.200000 p    -0.030321395     0.000000000
    9.200000 p    -0.030321395     0.000002483
    9.200000 p    -0.030321395     0.000001029
    9.200000 p    -0.023208359     0.000000001
    9.200000 p    -0.023208359     0.000000034
    9.200000 p    -0.023208359     0.000000000
    9.200000 p    -0.023208359     0.000000001
    9.200000 p    -0.023208359     0.000000000
    9.200000 p    -0.019474627     0.000000134
    9.200000 p    -0.012135670     0.000000133
    9.200000 p     0.058862418     0.000000669
    9.200000 p     0.173992544     0.000002094
    9.200000 p     0.173992544     0.000000000
    9.200000 p     0.173992544     0.000009285
    9.200000 p     0.332042933     0.000001078
    9.200000 p     1.322516918     0.000000000
    9.200000 p     1.505324841     0.000000000
    9.200000 p     1.505324841     0.000000000
    9.200000 p     1.505324841     0.000000000
    9.200000 p     2.650921583     0.000000000
    9.200000 p     2.650921583     0.000000000
    9.200000 p     2.650921583     0.000000000
    9.200000 p     2.650921583     0.000000000
    9.200000 p     2.650921583     0.000000000
    9.200000 p     3.833277702     0.000000000
 # impact parameter b# state energy# transition probability
    9.400000 t    -0.499356985     0.999571930
    9.400000 t    -0.124884315     0.000016430
    9.400000 t    -0.124645472     0.000000000
    9.400000 t    -0.124645472     0.000141890
    9.400000 t    -0.124645472     0.000149883
    9.400000 t    -0.055372439     0.000002291
    9.400000 t    -0.054518882     0.000000000
    9.400000 t    -0.054518882     0.000013101
    9.400000 t    -0.054518882     0.000012134
    9.400000 t    -0.040816948     0.000009326
    9.400000 t    -0.040816948     0.000000000
    9.400000 t    -0.040816948     0.000016302
    9.400000 t    -0.040816948     0.000000000
    9.400000 t    -0.040816948     0.000006523
    9.400000 t    -0.030814895     0.000001433
    9.400000 t    -0.030321395     0.000000000
    9.400000 t    -0.030321395     0.000005239
    9.400000 t    -0.030321395     0.000003205
    9.400000 t    -0.023208359     0.000000031
    9.400000 t    -0.023208359     0.000000168
    9.400000 t    -0.023208359     0.000000000
    9.400000 t    -0.023208359     0.000000063
    9.400000 t    -0.023208359     0.000000000
    9.400000 t    -0.019474627     0.000000156
    9.400000 t    -0.012135670     0.000000108
    9.400000 t     0.058862418     0.000000051
    9.400000 t     0.173992544     0.000000415
    9.400000 t     0.173992544     0.000000000
    9.400000 t     0.173992544     0.000000519
    9.400000 t     0.332042933     0.000000027
    9.400000 t     1.322516918     0.000000000
    9.400000 t     1.505324841     0.000000000
    9.400000 t     1.505324841     0.000000000
    9.400000 t     1.505324841     0.000000000
    9.400000 t     2.650921583     0.000000000
    9.400000 t     2.650921583     0.000000000
    9.400000 t     2.650921583     0.000000000
    9.400000 t     2.650921583     0.000000000
    9.400000 t     2.650921583     0.000000000
    9.400000 t     3.833277702     0.000000000
    9.400000 p    -0.499356985     0.000002116
    9.400000 p    -0.124884315     0.000001782
    9.400000 p    -0.124645472     0.000000000
    9.400000 p    -0.124645472     0.000010214
    9.400000 p    -0.124645472     0.000006856
    9.400000 p    -0.055372439     0.000000666
    9.400000 p    -0.054518882     0.000000000
    9.400000 p    -0.054518882     0.000002964
    9.400000 p    -0.054518882     0.000001981
    9.400000 p    -0.040816948     0.000003136
    9.400000 p    -0.040816948     0.000000000
    9.400000 p    -0.040816948     0.000003356
    9.400000 p    -0.040816948     0.000000000
    9.400000 p    -0.040816948     0.000000705
    9.400000 p    -0.030814895     0.000000617
    9.400000 p    -0.030321395     0.000000000
    9.400000 p    -0.030321395     0.000001863
    9.400000 p    -0.030321395     0.000000782
    9.400000 p    -0.023208359     0.000000001
    9.400000 p    -0.023208359     0.000000024
    9.400000 p    -0.023208359     0.000000000
    9.400000 p    -0.023208359     0.000000001
    9.400000 p    -0.023208359     0.000000000
    9.400000 p    -0.019474627     0.000000093
    9.400000 p    -0.012135670     0.000000090
    9.400000 p     0.058862418     0.000000483
    9.400000 p     0.173992544     0.000001562
    9.400000 p     0.173992544     0.000000000
    9.400000 p     0.173992544     0.000006908
    9.400000 p     0.332042933     0.000000760
    9.400000 p     1.322516918     0.000000000
    9.400000 p     1.505324841     0.000000000
    9.400000 p     1.505324841     0.000000000
    9.400000 p     1.505324841     0.000000000
    9.400000 p     2.650921583     0.000000000
    9.400000 p     2.650921583     0.000000000
    9.400000 p     2.650921583     0.000000000
    9.400000 p     2.650921583     0.000000000
    9.400000 p     2.650921583     0.000000000
    9.400000 p     3.833277702     0.000000000
 # impact parameter b# state energy# transition probability
    9.600000 t    -0.499356985     0.999644520
    9.600000 t    -0.124884315     0.000013421
    9.600000 t    -0.124645472     0.000000000
    9.600000 t    -0.124645472     0.000119984
    9.600000 t    -0.124645472     0.000127462
    9.600000 t    -0.055372439     0.000001791
    9.600000 t    -0.054518882     0.000000000
    9.600000 t    -0.054518882     0.000010596
    9.600000 t    -0.054518882     0.000009898
    9.600000 t    -0.040816948     0.000007666
    9.600000 t    -0.040816948     0.000000000
    9.600000 t    -0.040816948     0.000013492
    9.600000 t    -0.040816948     0.000000000
    9.600000 t    -0.040816948     0.000005483
    9.600000 t    -0.030814895     0.000001117
    9.600000 t    -0.030321395     0.000000000
    9.600000 t    -0.030321395     0.000004160
    9.600000 t    -0.030321395     0.000002589
    9.600000 t    -0.023208359     0.000000025
    9.600000 t    -0.023208359     0.000000132
    9.600000 t    -0.023208359     0.000000000
    9.600000 t    -0.023208359     0.000000050
    9.600000 t    -0.023208359     0.000000000
    9.600000 t    -0.019474627     0.000000118
    9.600000 t    -0.012135670     0.000000081
    9.600000 t     0.058862418     0.000000037
    9.600000 t     0.173992544     0.000000312
    9.600000 t     0.173992544     0.000000000
    9.600000 t     0.173992544     0.000000390
    9.600000 t     0.332042933     0.000000017
    9.600000 t     1.322516918     0.000000000
    9.600000 t     1.505324841     0.000000000
    9.600000 t     1.505324841     0.000000000
    9.600000 t     1.505324841     0.000000000
    9.600000 t     2.650921583     0.000000000
    9.600000 t     2.650921583     0.000000000
    9.600000 t     2.650921583     0.000000000
    9.600000 t     2.650921583     0.000000000
    9.600000 t     2.650921583     0.000000000
    9.600000 t     3.833277702     0.000000000
    9.600000 p    -0.499356985     0.000001443
    9.600000 p    -0.124884315     0.000001255
    9.600000 p    -0.124645472     0.000000000
    9.600000 p    -0.124645472     0.000007727
    9.600000 p    -0.124645472     0.000005238
    9.600000 p    -0.055372439     0.000000464
    9.600000 p    -0.054518882     0.000000000
    9.600000 p    -0.054518882     0.000002214
    9.600000 p    -0.054518882     0.000001501
    9.600000 p    -0.040816948     0.000002458
    9.600000 p    -0.040816948     0.000000000
    9.600000 p    -0.040816948     0.000002709
    9.600000 p    -0.040816948     0.000000000
    9.600000 p    -0.040816948     0.000000581
    9.600000 p    -0.030814895     0.000000441
    9.600000 p    -0.030321395     0.000000000
    9.600000 p    -0.030321395     0.000001393
    9.600000 p    -0.030321395     0.000000592
    9.600000 p    -0.023208359     0.000000000
    9.600000 p    -0.023208359     0.000000017
    9.600000 p    -0.023208359     0.000000000
    9.600000 p    -0.023208359     0.000000001
    9.600000 p    -0.023208359     0.000000000
    9.600000 p    -0.019474627     0.000000064
    9.600000 p    -0.012135670     0.000000062
    9.600000 p     0.058862418     0.000000349
    9.600000 p     0.173992544     0.000001158
    9.600000 p     0.173992544     0.000000000
    9.600000 p     0.173992544     0.000005126
    9.600000 p     0.332042933     0.000000532
    9.600000 p     1.322516918     0.000000000
    9.600000 p     1.505324841     0.000000000
    9.600000 p     1.505324841     0.000000000
    9.600000 p     1.505324841     0.000000000
    9.600000 p     2.650921583     0.000000000
    9.600000 p     2.650921583     0.000000000
    9.600000 p     2.650921583     0.000000000
    9.600000 p     2.650921583     0.000000000
    9.600000 p     2.650921583     0.000000000
    9.600000 p     3.833277702     0.000000000
 # impact parameter b# state energy# transition probability
    9.800000 t    -0.499356985     0.999704507
    9.800000 t    -0.124884315     0.000010967
    9.800000 t    -0.124645472     0.000000000
    9.800000 t    -0.124645472     0.000101379
    9.800000 t    -0.124645472     0.000108303
    9.800000 t    -0.055372439     0.000001399
    9.800000 t    -0.054518882     0.000000000
    9.800000 t    -0.054518882     0.000008569
    9.800000 t    -0.054518882     0.000008067
    9.800000 t    -0.040816948     0.000006293
    9.800000 t    -0.040816948     0.000000000
    9.800000 t    -0.040816948     0.000011146
    9.800000 t    -0.040816948     0.000000000
    9.800000 t    -0.040816948     0.000004597
    9.800000 t    -0.030814895     0.000000871
    9.800000 t    -0.030321395     0.000000000
    9.800000 t    -0.030321395     0.000003300
    9.800000 t    -0.030321395     0.000002088
    9.800000 t    -0.023208359     0.000000020
    9.800000 t    -0.023208359     0.000000103
    9.800000 t    -0.023208359     0.000000000
    9.800000 t    -0.023208359     0.000000040
    9.800000 t    -0.023208359     0.000000000
    9.800000 t    -0.019474627     0.000000089
    9.800000 t    -0.012135670     0.000000060
    9.800000 t     0.058862418     0.000000027
    9.800000 t     0.173992544     0.000000235
    9.800000 t     0.173992544     0.000000000
    9.800000 t     0.173992544     0.000000295
    9.800000 t     0.332042933     0.000000011
    9.800000 t     1.322516918     0.000000000
    9.800000 t     1.505324841     0.000000000
    9.800000 t     1.505324841     0.000000000
    9.800000 t     1.505324841     0.000000000
    9.800000 t     2.650921583     0.000000000
    9.800000 t     2.650921583     0.000000000
    9.800000 t     2.650921583     0.000000000
    9.800000 t     2.650921583     0.000000000
    9.800000 t     2.650921583     0.000000000
    9.800000 t     3.833277702     0.000000000
    9.800000 p    -0.499356985     0.000000983
    9.800000 p    -0.124884315     0.000000882
    9.800000 p    -0.124645472     0.000000000
    9.800000 p    -0.124645472     0.000005827
    9.800000 p    -0.124645472     0.000003991
    9.800000 p    -0.055372439     0.000000322
    9.800000 p    -0.054518882     0.000000000
    9.800000 p    -0.054518882     0.000001648
    9.800000 p    -0.054518882     0.000001132
    9.800000 p    -0.040816948     0.000001917
    9.800000 p    -0.040816948     0.000000000
    9.800000 p    -0.040816948     0.000002178
    9.800000 p    -0.040816948     0.000000000
    9.800000 p    -0.040816948     0.000000477
    9.800000 p    -0.030814895     0.000000314
    9.800000 p    -0.030321395     0.000000000
    9.800000 p    -0.030321395     0.000001038
    9.800000 p    -0.030321395     0.000000446
    9.800000 p    -0.023208359     0.000000000
    9.800000 p    -0.023208359     0.000000012
    9.800000 p    -0.023208359     0.000000000
    9.800000 p    -0.023208359     0.000000000
    9.800000 p    -0.023208359     0.000000000
    9.800000 p    -0.019474627     0.000000044
    9.800000 p    -0.012135670     0.000000042
    9.800000 p     0.058862418     0.000000253
    9.800000 p     0.173992544     0.000000852
    9.800000 p     0.173992544     0.000000000
    9.800000 p     0.173992544     0.000003800
    9.800000 p     0.332042933     0.000000370
    9.800000 p     1.322516918     0.000000000
    9.800000 p     1.505324841     0.000000000
    9.800000 p     1.505324841     0.000000000
    9.800000 p     1.505324841     0.000000000
    9.800000 p     2.650921583     0.000000000
    9.800000 p     2.650921583     0.000000000
    9.800000 p     2.650921583     0.000000000
    9.800000 p     2.650921583     0.000000000
    9.800000 p     2.650921583     0.000000000
    9.800000 p     3.833277702     0.000000000
 # impact parameter b# state energy# transition probability
   10.000000 t    -0.499356985     0.999754251
   10.000000 t    -0.124884315     0.000008965
   10.000000 t    -0.124645472     0.000000000
   10.000000 t    -0.124645472     0.000085593
   10.000000 t    -0.124645472     0.000091954
   10.000000 t    -0.055372439     0.000001092
   10.000000 t    -0.054518882     0.000000000
   10.000000 t    -0.054518882     0.000006930
   10.000000 t    -0.054518882     0.000006572
   10.000000 t    -0.040816948     0.000005161
   10.000000 t    -0.040816948     0.000000000
   10.000000 t    -0.040816948     0.000009191
   10.000000 t    -0.040816948     0.000000000
   10.000000 t    -0.040816948     0.000003844
   10.000000 t    -0.030814895     0.000000678
   10.000000 t    -0.030321395     0.000000000
   10.000000 t    -0.030321395     0.000002613
   10.000000 t    -0.030321395     0.000001684
   10.000000 t    -0.023208359     0.000000016
   10.000000 t    -0.023208359     0.000000081
   10.000000 t    -0.023208359     0.000000000
   10.000000 t    -0.023208359     0.000000032
   10.000000 t    -0.023208359     0.000000000
   10.000000 t    -0.019474627     0.000000067
   10.000000 t    -0.012135670     0.000000044
   10.000000 t     0.058862418     0.000000020
   10.000000 t     0.173992544     0.000000177
   10.000000 t     0.173992544     0.000000000
   10.000000 t     0.173992544     0.000000224
   10.000000 t     0.332042933     0.000000007
   10.000000 t     1.322516918     0.000000000
   10.000000 t     1.505324841     0.000000000
   10.000000 t     1.505324841     0.000000000
   10.000000 t     1.505324841     0.000000000
   10.000000 t     2.650921583     0.000000000
   10.000000 t     2.650921583     0.000000000
   10.000000 t     2.650921583     0.000000000
   10.000000 t     2.650921583     0.000000000
   10.000000 t     2.650921583     0.000000000
   10.000000 t     3.833277702     0.000000000
   10.000000 p    -0.499356985     0.000000670
   10.000000 p    -0.124884315     0.000000618
   10.000000 p    -0.124645472     0.000000000
   10.000000 p    -0.124645472     0.000004381
   10.000000 p    -0.124645472     0.000003033
   10.000000 p    -0.055372439     0.000000223
   10.000000 p    -0.054518882     0.000000000
   10.000000 p    -0.054518882     0.000001222
   10.000000 p    -0.054518882     0.000000851
   10.000000 p    -0.040816948     0.000001488
   10.000000 p    -0.040816948     0.000000000
   10.000000 p    -0.040816948     0.000001743
   10.000000 p    -0.040816948     0.000000000
   10.000000 p    -0.040816948     0.000000390
   10.000000 p    -0.030814895     0.000000223
   10.000000 p    -0.030321395     0.000000000
   10.000000 p    -0.030321395     0.000000771
   10.000000 p    -0.030321395     0.000000334
   10.000000 p    -0.023208359     0.000000000
   10.000000 p    -0.023208359     0.000000009
   10.000000 p    -0.023208359     0.000000000
   10.000000 p    -0.023208359     0.000000000
   10.000000 p    -0.023208359     0.000000000
   10.000000 p    -0.019474627     0.000000031
   10.000000 p    -0.012135670     0.000000028
   10.000000 p     0.058862418     0.000000184
   10.000000 p     0.173992544     0.000000623
   10.000000 p     0.173992544     0.000000000
   10.000000 p     0.173992544     0.000002817
   10.000000 p     0.332042933     0.000000256
   10.000000 p     1.322516918     0.000000000
   10.000000 p     1.505324841     0.000000000
   10.000000 p     1.505324841     0.000000000
   10.000000 p     1.505324841     0.000000000
   10.000000 p     2.650921583     0.000000000
   10.000000 p     2.650921583     0.000000000
   10.000000 p     2.650921583     0.000000000
   10.000000 p     2.650921583     0.000000000
   10.000000 p     2.650921583     0.000000000
   10.000000 p     3.833277702     0.000000000
